Valence,Arousal,FNO,FPS,X-axis
-0.26817,-0.11157,1,20,0.05
-0.27034,-0.11317,2,20,0.1
-0.2592,-0.10653,3,20,0.15
-0.26662,-0.1103,4,20,0.2
-0.25341,-0.10032,5,20,0.25
-0.26267,-0.10143,6,20,0.3
-0.26731,-0.10508,7,20,0.35
-0.28413,-0.10601,8,20,0.4
-0.31843,-0.13315,9,20,0.45
-0.30533,-0.10538,10,20,0.5
-0.30173,-0.08068,11,20,0.55
-0.3376,-0.11895,12,20,0.6
-0.30348,-0.08737,13,20,0.65
-0.22774,-0.04384,14,20,0.7
-0.2459,-0.07441,15,20,0.75
-0.24334,-0.07577,16,20,0.8
-0.20376,-0.02808,17,20,0.85
-0.20552,-0.02973,18,20,0.9
-0.24968,-0.03991,19,20,0.95
-0.28101,-0.03861,20,20,1.0
-0.25088,-0.03097,21,20,1.05
-0.25087,-0.03593,22,20,1.1
-0.22363,-0.02817,23,20,1.15
-0.2384,-0.05279,24,20,1.2
-0.22148,-0.05236,25,20,1.25
-0.22661,-0.06417,26,20,1.3
-0.23045,-0.08096,27,20,1.35
-0.2591,-0.08801,28,20,1.4
-0.26145,-0.09513,29,20,1.45
-0.2472,-0.08658,30,20,1.5
-0.22659,-0.05226,31,20,1.55
-0.21567,-0.06383,32,20,1.6
-0.19877,-0.0496,33,20,1.65
-0.21064,-0.04444,34,20,1.7
-0.19455,-0.04994,35,20,1.75
-0.20861,-0.04956,36,20,1.8
-0.28319,-0.04767,37,20,1.85
-0.22179,-0.03602,38,20,1.9
-0.21939,-0.03483,39,20,1.95
-0.23904,-0.01998,40,20,2.0
-0.23743,-0.0294,41,20,2.05
-0.22868,-0.03913,42,20,2.1
-0.24893,-0.04531,43,20,2.15
-0.22527,0.00298,44,20,2.2
-0.18832,-0.00718,45,20,2.25
-0.22373,-0.03649,46,20,2.3
-0.24546,-0.08004,47,20,2.35
-0.23169,-0.06188,48,20,2.4
-0.19763,-0.0341,49,20,2.45
-0.21919,-0.0454,50,20,2.5
-0.20304,-0.03991,51,20,2.55
-0.21074,-0.05327,52,20,2.6
-0.18933,-0.04916,53,20,2.65
-0.18997,-0.0257,54,20,2.7
-0.17645,-0.04736,55,20,2.75
-0.19026,-0.04743,56,20,2.8
-0.19936,-0.04957,57,20,2.85
-0.17979,-0.06598,58,20,2.9
-0.16594,-0.0654,59,20,2.95
-0.16579,-0.05075,60,20,3.0
-0.15512,-0.0618,61,20,3.05
-0.1899,-0.07831,62,20,3.1
-0.19261,-0.06924,63,20,3.15
-0.19621,-0.06094,64,20,3.2
-0.17238,-0.07645,65,20,3.25
-0.18318,-0.06769,66,20,3.3
-0.1749,-0.04715,67,20,3.35
-0.18025,-0.07227,68,20,3.4
-0.19352,-0.0665,69,20,3.45
-0.17327,-0.04089,70,20,3.5
-0.2207,-0.0534,71,20,3.55
-0.21057,-0.06138,72,20,3.6
-0.19517,-0.05128,73,20,3.65
-0.17516,-0.04842,74,20,3.7
-0.18911,-0.03827,75,20,3.75
-0.1811,-0.03654,76,20,3.8
-0.15371,-0.02378,77,20,3.85
-0.13281,-0.03273,78,20,3.9
-0.1893,-0.05534,79,20,3.95
-0.2049,-0.05083,80,20,4.0
-0.19671,-0.033,81,20,4.05
-0.19774,-0.04292,82,20,4.1
-0.163,-0.04498,83,20,4.15
-0.14264,-0.19665,84,20,4.2
-0.17419,-0.18902,85,20,4.25
-0.17668,-0.14311,86,20,4.3
-0.22189,-0.07094,87,20,4.35
-0.18924,-0.04898,88,20,4.4
-0.19968,-0.03618,89,20,4.45
-0.21486,-0.01168,90,20,4.5
-0.21963,0.00255,91,20,4.55
-0.1857,0.02041,92,20,4.6
-0.19812,0.01726,93,20,4.65
-0.2046,0.02843,94,20,4.7
-0.2194,0.01228,95,20,4.75
-0.17923,0.00619,96,20,4.8
-0.19164,0.01608,97,20,4.85
-0.1831,0.01072,98,20,4.9
-0.19055,0.03682,99,20,4.95
-0.17257,0.03005,100,20,5.0
-0.16843,0.01379,101,20,5.05
-0.19209,0.00589,102,20,5.1
-0.18277,-0.00475,103,20,5.15
-0.17908,-0.03512,104,20,5.2
-0.15975,-0.03229,105,20,5.25
-0.15679,-0.01402,106,20,5.3
-0.18991,-0.01193,107,20,5.35
-0.15834,-0.01324,108,20,5.4
-0.18533,0.00144,109,20,5.45
-0.16465,-0.00185,110,20,5.5
-0.144,-0.00218,111,20,5.55
-0.1371,-0.00436,112,20,5.6
-0.14099,0.00449,113,20,5.65
-0.12699,0.0123,114,20,5.7
-0.1508,0.0144,115,20,5.75
-0.12868,0.01212,116,20,5.8
-0.14369,0.01805,117,20,5.85
-0.15205,0.02224,118,20,5.9
-0.19772,0.05066,119,20,5.95
-0.19236,0.0271,120,20,6.0
-0.21467,0.06573,121,20,6.05
-0.20386,0.07977,122,20,6.1
-0.2212,0.09141,123,20,6.15
-0.22727,0.05301,124,20,6.2
-0.25197,0.08109,125,20,6.25
-0.24844,0.08128,126,20,6.3
-0.24078,0.07382,127,20,6.35
-0.22446,0.0767,128,20,6.4
-0.24621,0.1591,129,20,6.45
-0.22413,0.09616,130,20,6.5
-0.2195,0.09989,131,20,6.55
-0.22006,0.07661,132,20,6.6
-0.2164,0.07334,133,20,6.65
-0.20613,0.0638,134,20,6.7
-0.19079,0.03783,135,20,6.75
-0.1858,0.04447,136,20,6.8
-0.18319,0.02682,137,20,6.85
-0.18321,0.03174,138,20,6.9
-0.19304,0.06131,139,20,6.95
-0.16926,0.02161,140,20,7.0
-0.16292,0.02148,141,20,7.05
-0.17707,0.00593,142,20,7.1
-0.18215,0.03214,143,20,7.15
-0.19592,0.03488,144,20,7.2
-0.17776,0.02704,145,20,7.25
-0.17857,0.02158,146,20,7.3
-0.17583,-9e-05,147,20,7.35
-0.16973,-0.00315,148,20,7.4
-0.22081,0.01778,149,20,7.45
-0.22991,0.04082,150,20,7.5
-0.24422,0.10056,151,20,7.55
-0.22553,0.13073,152,20,7.6
-0.201,0.11148,153,20,7.65
-0.18025,0.06699,154,20,7.7
-0.20045,0.09555,155,20,7.75
-0.20595,0.08171,156,20,7.8
-0.23383,0.0608,157,20,7.85
-0.248,0.10849,158,20,7.9
-0.20018,0.04337,159,20,7.95
-0.19674,0.02062,160,20,8.0
-0.20111,0.02709,161,20,8.05
-0.18914,0.03999,162,20,8.1
-0.1767,0.01652,163,20,8.15
-0.17127,0.00839,164,20,8.2
-0.17266,0.00241,165,20,8.25
-0.26138,0.10748,166,20,8.3
-0.27088,0.10492,167,20,8.35
-0.27575,0.09148,168,20,8.4
-0.29793,0.09854,169,20,8.45
-0.25724,0.09142,170,20,8.5
-0.26369,0.1029,171,20,8.55
-0.16546,0.01141,172,20,8.6
-0.15499,0.01427,173,20,8.65
-0.16476,0.02405,174,20,8.7
-0.26821,0.10695,175,20,8.75
-0.24151,0.11183,176,20,8.8
-0.26783,0.12964,177,20,8.85
-0.16693,0.02342,178,20,8.9
-0.19081,0.0354,179,20,8.95
-0.17941,0.04527,180,20,9.0
-0.20552,0.06654,181,20,9.05
-0.30078,0.14933,182,20,9.1
-0.28804,0.09999,183,20,9.15
-0.28028,0.10297,184,20,9.2
-0.30083,0.13122,185,20,9.25
-0.19321,0.00069,186,20,9.3
-0.26877,0.08434,187,20,9.35
-0.19474,0.0206,188,20,9.4
-0.1752,0.02903,189,20,9.45
-0.21219,0.05117,190,20,9.5
-0.18233,0.03109,191,20,9.55
-0.18319,0.05198,192,20,9.6
-0.21114,0.05753,193,20,9.65
-0.29956,0.12206,194,20,9.7
-0.29228,0.06916,195,20,9.75
-0.21027,-0.0004,196,20,9.8
-0.33156,0.12415,197,20,9.85
-0.35492,0.096,198,20,9.9
-0.32072,0.0028,199,20,9.95
-0.31203,0.04559,200,20,10.0
-0.31671,0.06833,201,20,10.05
-0.28276,0.01713,202,20,10.1
-0.30199,0.03371,203,20,10.15
-0.24054,-0.01623,204,20,10.2
-0.35287,-0.01555,205,20,10.25
-0.29464,-0.05035,206,20,10.3
-0.3452,0.00323,207,20,10.35
-0.29014,0.03785,208,20,10.4
-0.32312,0.05431,209,20,10.45
-0.31988,0.06944,210,20,10.5
-0.21241,0.00927,211,20,10.55
-0.30946,0.09292,212,20,10.6
-0.21109,0.01154,213,20,10.65
-0.26092,0.02712,214,20,10.7
-0.21123,-0.0076,215,20,10.75
-0.18869,0.00035,216,20,10.8
-0.33344,-0.00456,217,20,10.85
-0.31907,-0.05315,218,20,10.9
-0.22341,-0.0075,219,20,10.95
-0.23033,-0.04071,220,20,11.0
-0.22232,0.04721,221,20,11.05
-0.24737,0.02129,222,20,11.1
-0.24818,-0.01228,223,20,11.15
-0.23107,0.06886,224,20,11.2
-0.2241,0.03687,225,20,11.25
-0.23557,0.04806,226,20,11.3
-0.22303,0.039,227,20,11.35
-0.22314,0.05659,228,20,11.4
-0.24319,0.10037,229,20,11.45
-0.22722,0.10394,230,20,11.5
-0.26179,0.14382,231,20,11.55
-0.24091,0.11947,232,20,11.6
-0.2645,0.14079,233,20,11.65
-0.29222,0.16341,234,20,11.7
-0.32162,0.21175,235,20,11.75
-0.30504,0.1539,236,20,11.8
-0.3316,0.19558,237,20,11.85
-0.34117,0.22284,238,20,11.9
-0.31844,0.24385,239,20,11.95
-0.31525,0.22332,240,20,12.0
-0.32049,0.21234,241,20,12.05
-0.29231,0.20061,242,20,12.1
-0.28728,0.19231,243,20,12.15
-0.295,0.2013,244,20,12.2
-0.2769,0.17153,245,20,12.25
-0.29084,0.1961,246,20,12.3
-0.30554,0.18296,247,20,12.35
-0.33249,0.24756,248,20,12.4
-0.35529,0.2911,249,20,12.45
-0.33108,0.23742,250,20,12.5
-0.23344,0.12183,251,20,12.55
-0.23002,0.1168,252,20,12.6
-0.21198,0.12743,253,20,12.65
-0.24413,0.16313,254,20,12.7
-0.21228,0.08396,255,20,12.75
-0.20176,0.08806,256,20,12.8
-0.18982,0.09189,257,20,12.85
-0.26394,0.16288,258,20,12.9
-0.26545,0.1944,259,20,12.95
-0.34059,0.28125,260,20,13.0
-0.30681,0.25512,261,20,13.05
-0.27691,0.19398,262,20,13.1
-0.24873,0.14862,263,20,13.15
-0.26229,0.17875,264,20,13.2
-0.24582,0.17323,265,20,13.25
-0.23741,0.14719,266,20,13.3
-0.26611,0.16793,267,20,13.35
-0.25067,0.1626,268,20,13.4
-0.28587,0.22103,269,20,13.45
-0.27731,0.20967,270,20,13.5
-0.268,0.20007,271,20,13.55
-0.25641,0.14499,272,20,13.6
-0.28118,0.1739,273,20,13.65
-0.28768,0.19417,274,20,13.7
-0.32545,0.24504,275,20,13.75
-0.29016,0.20165,276,20,13.8
-0.26011,0.13599,277,20,13.85
-0.26912,0.14225,278,20,13.9
-0.27325,0.1535,279,20,13.95
-0.25813,0.15952,280,20,14.0
-0.23998,0.14818,281,20,14.05
-0.26859,0.14027,282,20,14.1
-0.28785,0.18105,283,20,14.15
-0.25161,0.10199,284,20,14.2
-0.26047,0.10955,285,20,14.25
-0.24843,0.08985,286,20,14.3
-0.26962,0.11976,287,20,14.35
-0.25928,0.09529,288,20,14.4
-0.28268,0.10796,289,20,14.45
-0.2546,0.08516,290,20,14.5
-0.24591,0.09842,291,20,14.55
-0.22022,0.04007,292,20,14.6
-0.23523,0.0218,293,20,14.65
-0.27009,0.09009,294,20,14.7
-0.2642,0.08243,295,20,14.75
-0.22532,0.08215,296,20,14.8
-0.22164,0.11131,297,20,14.85
-0.23546,0.13283,298,20,14.9
-0.282,0.18396,299,20,14.95
-0.25317,0.11053,300,20,15.0
-0.22946,0.06563,301,20,15.05
-0.22575,0.07846,302,20,15.1
-0.21752,0.09111,303,20,15.15
-0.2016,0.04869,304,20,15.2
-0.19627,0.04825,305,20,15.25
-0.16383,0.01624,306,20,15.3
-0.18715,0.00053,307,20,15.35
-0.18511,-0.02253,308,20,15.4
-0.1908,0.00653,309,20,15.45
-0.23047,0.03183,310,20,15.5
-0.23729,0.04015,311,20,15.55
-0.23612,0.04258,312,20,15.6
-0.24572,0.04863,313,20,15.65
-0.22688,0.03081,314,20,15.7
-0.28744,0.10214,315,20,15.75
-0.26423,0.10817,316,20,15.8
-0.23302,0.03407,317,20,15.85
-0.21431,0.02276,318,20,15.9
-0.1811,0.01102,319,20,15.95
-0.18813,-0.03687,320,20,16.0
-0.27268,0.03512,321,20,16.05
-0.22675,0.08315,322,20,16.1
-0.25732,0.04036,323,20,16.15
-0.24486,0.03835,324,20,16.2
-0.22427,0.02144,325,20,16.25
-0.19448,0.0308,326,20,16.3
-0.18524,0.02772,327,20,16.35
-0.18653,0.01246,328,20,16.4
-0.20912,0.00835,329,20,16.45
-0.17198,-0.00634,330,20,16.5
-0.1891,0.00508,331,20,16.55
-0.20128,0.0212,332,20,16.6
-0.19659,0.02763,333,20,16.65
-0.20567,0.03139,334,20,16.7
-0.22001,0.05798,335,20,16.75
-0.23393,0.03915,336,20,16.8
-0.23904,0.02772,337,20,16.85
-0.23201,0.01982,338,20,16.9
-0.24318,0.05374,339,20,16.95
-0.24109,0.00907,340,20,17.0
-0.22613,-0.001,341,20,17.05
-0.23153,-0.02534,342,20,17.1
-0.21756,-0.01939,343,20,17.15
-0.20034,0.01902,344,20,17.2
-0.19953,-0.02996,345,20,17.25
-0.22449,-0.05468,346,20,17.3
-0.25428,-0.01547,347,20,17.35
-0.23107,0.02092,348,20,17.4
-0.20457,-0.01208,349,20,17.45
-0.21559,0.00512,350,20,17.5
-0.21327,0.02632,351,20,17.55
-0.2475,-0.16058,352,20,17.6
-0.23642,-0.15742,353,20,17.65
-0.22229,-0.03767,354,20,17.7
-0.24218,-0.0018,355,20,17.75
-0.2295,0.04846,356,20,17.8
-0.24342,0.05693,357,20,17.85
-0.24555,0.01547,358,20,17.9
-0.23343,-0.01105,359,20,17.95
-0.22191,0.07124,360,20,18.0
-0.2629,0.07621,361,20,18.05
-0.25962,0.05674,362,20,18.1
-0.23268,0.06596,363,20,18.15
-0.21325,0.06112,364,20,18.2
-0.2199,0.09076,365,20,18.25
-0.24769,0.09789,366,20,18.3
-0.26683,0.11934,367,20,18.35
-0.2497,0.07334,368,20,18.4
-0.2545,0.09177,369,20,18.45
-0.25961,0.13308,370,20,18.5
-0.24798,0.13122,371,20,18.55
-0.26192,0.11799,372,20,18.6
-0.21717,0.0799,373,20,18.65
-0.22225,0.08363,374,20,18.7
-0.25215,0.1111,375,20,18.75
-0.26958,0.10169,376,20,18.8
-0.26045,0.07534,377,20,18.85
-0.26304,0.07434,378,20,18.9
-0.27196,0.05791,379,20,18.95
-0.24808,0.08592,380,20,19.0
-0.23546,0.04421,381,20,19.05
-0.2401,0.02979,382,20,19.1
-0.22531,0.01115,383,20,19.15
-0.23927,0.01781,384,20,19.2
-0.25667,0.13652,385,20,19.25
-0.2961,0.1827,386,20,19.3
-0.28567,0.14493,387,20,19.35
-0.25699,0.14383,388,20,19.4
-0.23902,0.09577,389,20,19.45
-0.21791,0.06973,390,20,19.5
-0.22094,0.06467,391,20,19.55
-0.22778,0.0642,392,20,19.6
-0.21149,0.05838,393,20,19.65
-0.22819,0.06141,394,20,19.7
-0.22452,0.01733,395,20,19.75
-0.26091,-0.00268,396,20,19.8
-0.25427,0.048,397,20,19.85
-0.25088,0.04097,398,20,19.9
-0.24133,0.06534,399,20,19.95
-0.24658,0.05148,400,20,20.0
-0.23189,0.00394,401,20,20.05
-0.24458,-0.00375,402,20,20.1
-0.24155,0.04154,403,20,20.15
-0.23414,0.03334,404,20,20.2
-0.24295,0.02165,405,20,20.25
-0.21618,0.00718,406,20,20.3
-0.21924,-0.0015,407,20,20.35
-0.237,0.01799,408,20,20.4
-0.22558,0.01871,409,20,20.45
-0.24089,0.03144,410,20,20.5
-0.25217,0.00428,411,20,20.55
-0.20377,0.00874,412,20,20.6
-0.19318,-0.0006,413,20,20.65
-0.20142,-0.01175,414,20,20.7
-0.19534,0.00561,415,20,20.75
-0.17073,-0.00351,416,20,20.8
-0.18298,0.0095,417,20,20.85
-0.1632,0.01156,418,20,20.9
-0.17216,0.01139,419,20,20.95
-0.22133,0.00888,420,20,21.0
-0.19448,-0.00765,421,20,21.05
-0.20466,0.00394,422,20,21.1
-0.20461,0.02626,423,20,21.15
-0.20127,-0.00376,424,20,21.2
-0.20084,-0.00927,425,20,21.25
-0.18914,0.01845,426,20,21.3
-0.22456,0.04908,427,20,21.35
-0.20962,0.04872,428,20,21.4
-0.22329,0.09715,429,20,21.45
-0.21566,0.07466,430,20,21.5
-0.22132,0.0991,431,20,21.55
-0.21645,0.05065,432,20,21.6
-0.23179,0.04692,433,20,21.65
-0.21012,0.01939,434,20,21.7
-0.23128,0.03558,435,20,21.75
-0.23617,0.03263,436,20,21.8
-0.22466,0.05239,437,20,21.85
-0.2067,0.04755,438,20,21.9
-0.21019,0.07298,439,20,21.95
-0.21459,0.06037,440,20,22.0
-0.24071,0.07442,441,20,22.05
-0.23063,0.08511,442,20,22.1
-0.21666,0.09404,443,20,22.15
-0.19841,0.04377,444,20,22.2
-0.24235,0.0755,445,20,22.25
-0.27553,0.12764,446,20,22.3
-0.25614,0.07109,447,20,22.35
-0.30302,0.14832,448,20,22.4
-0.27221,0.12454,449,20,22.45
-0.29705,0.16857,450,20,22.5
-0.27006,0.11705,451,20,22.55
-0.25958,0.09339,452,20,22.6
-0.2254,0.0759,453,20,22.65
-0.28467,0.15993,454,20,22.7
-0.27941,0.16392,455,20,22.75
-0.27809,0.10283,456,20,22.8
-0.2764,0.05611,457,20,22.85
-0.23824,0.1068,458,20,22.9
-0.25357,0.10803,459,20,22.95
-0.25984,0.11204,460,20,23.0
-0.2589,0.06205,461,20,23.05
-0.2141,0.06849,462,20,23.1
-0.21153,0.0432,463,20,23.15
-0.26561,0.06482,464,20,23.2
-0.2083,0.0502,465,20,23.25
-0.22073,0.02246,466,20,23.3
-0.23004,0.0308,467,20,23.35
-0.24436,0.00908,468,20,23.4
-0.26247,0.03227,469,20,23.45
-0.25867,0.01879,470,20,23.5
-0.27314,0.03435,471,20,23.55
-0.26075,0.05503,472,20,23.6
-0.27509,0.06319,473,20,23.65
-0.26917,0.03265,474,20,23.7
-0.29923,0.07002,475,20,23.75
-0.27911,0.07787,476,20,23.8
-0.26681,0.12136,477,20,23.85
-0.27059,0.14052,478,20,23.9
-0.27168,0.10623,479,20,23.95
-0.28021,0.16444,480,20,24.0
-0.31688,0.20873,481,20,24.05
-0.29391,0.10383,482,20,24.1
-0.27184,0.13457,483,20,24.15
-0.30606,0.18225,484,20,24.2
-0.29981,0.16095,485,20,24.25
-0.27627,0.13496,486,20,24.3
-0.27492,0.12581,487,20,24.35
-0.27351,0.1308,488,20,24.4
-0.29684,0.15497,489,20,24.45
-0.28556,0.13457,490,20,24.5
-0.30693,0.16442,491,20,24.55
-0.28512,0.104,492,20,24.6
-0.28523,0.06197,493,20,24.65
-0.26447,0.06423,494,20,24.7
-0.21537,0.05651,495,20,24.75
-0.22764,0.06464,496,20,24.8
-0.27608,0.11565,497,20,24.85
-0.28039,0.13333,498,20,24.9
-0.25969,0.12129,499,20,24.95
-0.24939,0.06875,500,20,25.0
-0.27682,0.13293,501,20,25.05
-0.29797,0.17454,502,20,25.1
-0.31334,0.1557,503,20,25.15
-0.28211,0.15992,504,20,25.2
-0.2991,0.18049,505,20,25.25
-0.3038,0.18177,506,20,25.3
-0.31383,0.21809,507,20,25.35
-0.30742,0.19106,508,20,25.4
-0.3204,0.1911,509,20,25.45
-0.28843,0.15645,510,20,25.5
-0.26802,0.14712,511,20,25.55
-0.27366,0.13447,512,20,25.6
-0.31833,0.22545,513,20,25.65
-0.26727,0.13413,514,20,25.7
-0.25839,0.1076,515,20,25.75
-0.24456,0.07609,516,20,25.8
-0.23017,0.10173,517,20,25.85
-0.23623,0.06764,518,20,25.9
-0.2394,0.05527,519,20,25.95
-0.22377,0.0592,520,20,26.0
-0.24871,0.10941,521,20,26.05
-0.22087,0.1175,522,20,26.1
-0.25106,0.13997,523,20,26.15
-0.28847,0.16031,524,20,26.2
-0.32566,0.24923,525,20,26.25
-0.2563,0.12429,526,20,26.3
-0.24474,0.13385,527,20,26.35
-0.24491,0.1093,528,20,26.4
-0.26337,0.15121,529,20,26.45
-0.23354,0.10173,530,20,26.5
-0.17911,0.03425,531,20,26.55
-0.1963,0.03977,532,20,26.6
-0.20702,0.09517,533,20,26.65
-0.19527,0.02634,534,20,26.7
-0.20145,0.03065,535,20,26.75
-0.19438,0.01964,536,20,26.8
-0.23286,0.03775,537,20,26.85
-0.22796,0.03654,538,20,26.9
-0.24644,0.03045,539,20,26.95
-0.23415,0.0464,540,20,27.0
-0.25594,0.04767,541,20,27.05
-0.24167,0.02808,542,20,27.1
-0.22771,0.02232,543,20,27.15
-0.22363,-0.03154,544,20,27.2
-0.20716,-0.04867,545,20,27.25
-0.19896,0.01629,546,20,27.3
-0.18439,0.00842,547,20,27.35
-0.17405,-0.0302,548,20,27.4
-0.20337,0.02851,549,20,27.45
-0.2124,0.03642,550,20,27.5
-0.20068,0.02561,551,20,27.55
-0.20978,0.04069,552,20,27.6
-0.17587,0.01457,553,20,27.65
-0.1969,9e-05,554,20,27.7
-0.15648,-0.00251,555,20,27.75
-0.18752,-0.01281,556,20,27.8
-0.15799,-0.02537,557,20,27.85
-0.13684,-0.0209,558,20,27.9
-0.12517,-0.05922,559,20,27.95
-0.16204,-0.0271,560,20,28.0
-0.16943,-0.02433,561,20,28.05
-0.20157,-0.01538,562,20,28.1
-0.20417,-0.02781,563,20,28.15
-0.21121,-0.01045,564,20,28.2
-0.21833,0.01386,565,20,28.25
-0.23016,0.01009,566,20,28.3
-0.19793,-0.01671,567,20,28.35
-0.22176,-0.02399,568,20,28.4
-0.19864,-0.04699,569,20,28.45
-0.19605,-0.03565,570,20,28.5
-0.20085,-0.03979,571,20,28.55
-0.20293,-0.07496,572,20,28.6
-0.17835,-0.04893,573,20,28.65
-0.22591,-0.01929,574,20,28.7
-0.21838,-0.02779,575,20,28.75
-0.23201,-0.01987,576,20,28.8
-0.22082,-0.02523,577,20,28.85
-0.22533,-0.02386,578,20,28.9
-0.22497,-0.01149,579,20,28.95
-0.21101,-0.00311,580,20,29.0
-0.23887,-0.02543,581,20,29.05
-0.23321,0.00262,582,20,29.1
-0.26849,-0.01756,583,20,29.15
-0.22521,-0.00762,584,20,29.2
-0.2294,0.00684,585,20,29.25
-0.23945,-0.06485,586,20,29.3
-0.25917,-0.07354,587,20,29.35
-0.20225,-0.04675,588,20,29.4
-0.19758,-0.02081,589,20,29.45
-0.2222,-0.01333,590,20,29.5
-0.21031,-0.01439,591,20,29.55
-0.23769,-0.05306,592,20,29.6
-0.25453,-0.06316,593,20,29.65
-0.23801,-0.01793,594,20,29.7
-0.2372,-0.01359,595,20,29.75
-0.21499,-0.0068,596,20,29.8
-0.22854,-0.02689,597,20,29.85
-0.2185,0.01436,598,20,29.9
-0.27235,0.01882,599,20,29.95
-0.25231,-0.0156,600,20,30.0
-0.28103,-0.04004,601,20,30.05
-0.29651,-0.04458,602,20,30.1
-0.25368,-0.01349,603,20,30.15
-0.29311,-0.03946,604,20,30.2
-0.25076,-0.04345,605,20,30.25
-0.25677,-0.04737,606,20,30.3
-0.23792,-0.05172,607,20,30.35
-0.25897,-0.05681,608,20,30.4
-0.24964,-0.06773,609,20,30.45
-0.2411,-0.06393,610,20,30.5
-0.28007,-0.05919,611,20,30.55
-0.29757,-0.07386,612,20,30.6
-0.29725,-0.08566,613,20,30.65
-0.27195,-0.04913,614,20,30.7
-0.25991,-0.06393,615,20,30.75
-0.24597,-0.09177,616,20,30.8
-0.29224,-0.10541,617,20,30.85
-0.30658,-0.11205,618,20,30.9
-0.3302,-0.08802,619,20,30.95
-0.25308,-0.05928,620,20,31.0
-0.25808,-0.0673,621,20,31.05
-0.25171,-0.04476,622,20,31.1
-0.25921,-0.06055,623,20,31.15
-0.22875,0.01184,624,20,31.2
-0.24777,-0.01721,625,20,31.25
-0.26154,-0.00952,626,20,31.3
-0.27569,0.0182,627,20,31.35
-0.33557,0.09637,628,20,31.4
-0.31446,0.07971,629,20,31.45
-0.24893,-0.00462,630,20,31.5
-0.26361,0.02832,631,20,31.55
-0.27207,0.0376,632,20,31.6
-0.27078,0.03295,633,20,31.65
-0.29229,0.06225,634,20,31.7
-0.27257,0.02015,635,20,31.75
-0.26935,-0.00316,636,20,31.8
-0.25065,-0.03446,637,20,31.85
-0.24882,-0.04305,638,20,31.9
-0.2546,-0.05398,639,20,31.95
-0.24789,-0.06123,640,20,32.0
-0.30891,0.06368,641,20,32.05
-0.28558,0.08437,642,20,32.1
-0.28258,0.16487,643,20,32.15
-0.28146,0.14569,644,20,32.2
-0.27575,0.11033,645,20,32.25
-0.19444,0.03595,646,20,32.3
-0.20186,0.028,647,20,32.35
-0.21977,-0.00501,648,20,32.4
-0.25688,0.07591,649,20,32.45
-0.24104,0.06155,650,20,32.5
-0.24652,0.05095,651,20,32.55
-0.19732,0.01989,652,20,32.6
-0.20703,0.01526,653,20,32.65
-0.21078,0.0017,654,20,32.7
-0.21883,0.01595,655,20,32.75
-0.20501,0.0113,656,20,32.8
-0.21465,-0.01432,657,20,32.85
-0.27549,0.06889,658,20,32.9
-0.22969,0.03307,659,20,32.95
-0.24446,0.03927,660,20,33.0
-0.26282,0.07789,661,20,33.05
-0.25326,0.06809,662,20,33.1
-0.27226,0.06055,663,20,33.15
-0.24971,0.02407,664,20,33.2
-0.2605,0.0656,665,20,33.25
-0.26913,0.08926,666,20,33.3
-0.21345,0.03624,667,20,33.35
-0.25759,0.07209,668,20,33.4
-0.26282,0.13381,669,20,33.45
-0.27823,0.11658,670,20,33.5
-0.2477,0.08707,671,20,33.55
-0.2701,0.11948,672,20,33.6
-0.26638,0.14331,673,20,33.65
-0.22337,0.09039,674,20,33.7
-0.23677,0.07321,675,20,33.75
-0.28783,0.11273,676,20,33.8
-0.28007,0.12135,677,20,33.85
-0.27967,0.08932,678,20,33.9
-0.25944,0.12928,679,20,33.95
-0.22607,0.09055,680,20,34.0
-0.25699,0.10907,681,20,34.05
-0.25575,0.07646,682,20,34.1
-0.24491,0.07104,683,20,34.15
-0.25607,0.06513,684,20,34.2
-0.24,0.06519,685,20,34.25
-0.26291,0.0431,686,20,34.3
-0.25427,-0.00212,687,20,34.35
-0.22474,-0.04545,688,20,34.4
-0.23788,0.03424,689,20,34.45
-0.25817,0.07812,690,20,34.5
-0.24709,0.1063,691,20,34.55
-0.23469,0.04887,692,20,34.6
-0.23473,0.04966,693,20,34.65
-0.22124,0.05819,694,20,34.7
-0.26906,0.10989,695,20,34.75
-0.23744,0.07957,696,20,34.8
-0.23657,0.06162,697,20,34.85
-0.257,0.06625,698,20,34.9
-0.24544,0.06686,699,20,34.95
-0.26757,0.10848,700,20,35.0
-0.24932,0.08388,701,20,35.05
-0.24455,0.0763,702,20,35.1
-0.26223,0.10195,703,20,35.15
-0.2585,0.12025,704,20,35.2
-0.27298,0.13154,705,20,35.25
-0.23151,0.06541,706,20,35.3
-0.23373,0.05384,707,20,35.35
-0.21169,0.03983,708,20,35.4
-0.19635,0.05033,709,20,35.45
-0.20773,0.0679,710,20,35.5
-0.23252,0.06231,711,20,35.55
-0.2333,0.0549,712,20,35.6
-0.255,0.07739,713,20,35.65
-0.23451,0.04474,714,20,35.7
-0.20449,0.05083,715,20,35.75
-0.25779,0.0715,716,20,35.8
-0.18869,0.02744,717,20,35.85
-0.17886,0.03479,718,20,35.9
-0.21136,0.0856,719,20,35.95
-0.19426,0.06972,720,20,36.0
-0.14261,0.01197,721,20,36.05
-0.17933,0.00294,722,20,36.1
-0.15679,0.00356,723,20,36.15
-0.18069,-0.0189,724,20,36.2
-0.18493,-0.00643,725,20,36.25
-0.21679,0.02102,726,20,36.3
-0.17542,0.03076,727,20,36.35
-0.19078,0.03847,728,20,36.4
-0.19086,0.0389,729,20,36.45
-0.18184,0.00949,730,20,36.5
-0.1861,-0.01022,731,20,36.55
-0.1883,0.00248,732,20,36.6
-0.20704,0.0216,733,20,36.65
-0.20334,0.01668,734,20,36.7
-0.17429,0.00083,735,20,36.75
-0.17948,0.01551,736,20,36.8
-0.20276,0.00144,737,20,36.85
-0.20263,-0.01678,738,20,36.9
-0.22755,0.01819,739,20,36.95
-0.23542,0.00259,740,20,37.0
-0.27134,0.02685,741,20,37.05
-0.27849,0.00611,742,20,37.1
-0.20783,0.0126,743,20,37.15
-0.22827,0.04769,744,20,37.2
-0.22243,0.02496,745,20,37.25
-0.21593,0.01472,746,20,37.3
-0.21631,-0.01097,747,20,37.35
-0.19481,-0.01622,748,20,37.4
-0.20768,-0.02755,749,20,37.45
-0.21233,-0.02232,750,20,37.5
-0.23207,0.01252,751,20,37.55
-0.23328,-0.00659,752,20,37.6
-0.22105,-0.005,753,20,37.65
-0.218,0.03361,754,20,37.7
-0.22501,0.02571,755,20,37.75
-0.20211,0.01393,756,20,37.8
-0.22404,0.02765,757,20,37.85
-0.22915,0.03955,758,20,37.9
-0.2191,0.05265,759,20,37.95
-0.23173,0.02796,760,20,38.0
-0.20586,0.02517,761,20,38.05
-0.18532,0.0171,762,20,38.1
-0.19172,0.03253,763,20,38.15
-0.22325,0.0063,764,20,38.2
-0.26089,0.04805,765,20,38.25
-0.23357,0.03123,766,20,38.3
-0.24384,0.06592,767,20,38.35
-0.25234,0.07322,768,20,38.4
-0.17355,0.00894,769,20,38.45
-0.21362,0.02964,770,20,38.5
-0.21807,0.03131,771,20,38.55
-0.17067,0.02777,772,20,38.6
-0.17577,0.01705,773,20,38.65
-0.16989,-0.00061,774,20,38.7
-0.19015,0.02566,775,20,38.75
-0.19215,0.06217,776,20,38.8
-0.18752,0.04393,777,20,38.85
-0.20357,0.02408,778,20,38.9
-0.19351,0.00232,779,20,38.95
-0.21175,0.02751,780,20,39.0
-0.21697,-0.00478,781,20,39.05
-0.21258,-0.00037,782,20,39.1
-0.25759,0.01535,783,20,39.15
-0.24409,0.02686,784,20,39.2
-0.22937,0.00402,785,20,39.25
-0.26301,0.01618,786,20,39.3
-0.29418,0.05832,787,20,39.35
-0.3047,0.03047,788,20,39.4
-0.29023,0.05741,789,20,39.45
-0.28683,0.06226,790,20,39.5
-0.28639,0.02908,791,20,39.55
-0.31434,0.05424,792,20,39.6
-0.28199,0.05226,793,20,39.65
-0.28715,0.04349,794,20,39.7
-0.28577,0.04581,795,20,39.75
-0.27762,0.01305,796,20,39.8
-0.2822,0.0453,797,20,39.85
-0.25615,0.03726,798,20,39.9
-0.28366,0.05576,799,20,39.95
-0.26066,0.04213,800,20,40.0
-0.2927,0.03513,801,20,40.05
-0.27905,0.06076,802,20,40.1
-0.27237,0.1025,803,20,40.15
-0.26811,0.07548,804,20,40.2
-0.28826,-0.00652,805,20,40.25
-0.28087,0.00936,806,20,40.3
-0.25986,-0.00299,807,20,40.35
-0.26428,0.04882,808,20,40.4
-0.2495,0.03462,809,20,40.45
-0.25865,0.02583,810,20,40.5
-0.27758,0.04867,811,20,40.55
-0.32334,0.06755,812,20,40.6
-0.30194,0.02401,813,20,40.65
-0.2678,0.04619,814,20,40.7
-0.26221,0.04703,815,20,40.75
-0.31253,-0.0015,816,20,40.8
-0.27656,0.03607,817,20,40.85
-0.28394,0.03038,818,20,40.9
-0.27668,0.01925,819,20,40.95
-0.28138,0.06316,820,20,41.0
-0.27658,0.08687,821,20,41.05
-0.27937,0.0255,822,20,41.1
-0.27022,0.05306,823,20,41.15
-0.22872,-0.01321,824,20,41.2
-0.21344,0.01523,825,20,41.25
-0.22998,0.00431,826,20,41.3
-0.23598,0.00389,827,20,41.35
-0.24612,0.01219,828,20,41.4
-0.23394,0.01008,829,20,41.45
-0.22456,0.00442,830,20,41.5
-0.23469,0.02896,831,20,41.55
-0.2616,0.031,832,20,41.6
-0.25897,0.0442,833,20,41.65
-0.2284,0.04796,834,20,41.7
-0.25169,0.03642,835,20,41.75
-0.25874,0.04545,836,20,41.8
-0.25219,0.01724,837,20,41.85
-0.27691,0.05225,838,20,41.9
-0.25664,0.06837,839,20,41.95
-0.22542,0.04648,840,20,42.0
-0.25858,0.07833,841,20,42.05
-0.24068,0.04207,842,20,42.1
-0.22711,0.08894,843,20,42.15
-0.21625,0.07135,844,20,42.2
-0.23453,0.0824,845,20,42.25
-0.25487,0.07673,846,20,42.3
-0.24667,0.08521,847,20,42.35
-0.22497,0.05618,848,20,42.4
-0.24058,0.07006,849,20,42.45
-0.21335,0.03284,850,20,42.5
-0.22042,0.03864,851,20,42.55
-0.22043,0.02352,852,20,42.6
-0.23789,0.03816,853,20,42.65
-0.25067,0.06216,854,20,42.7
-0.24765,0.06368,855,20,42.75
-0.23862,0.03449,856,20,42.8
-0.22534,0.0211,857,20,42.85
-0.24131,0.02852,858,20,42.9
-0.21432,0.06219,859,20,42.95
-0.23119,0.05739,860,20,43.0
-0.21103,0.04173,861,20,43.05
-0.20662,0.0295,862,20,43.1
-0.20172,0.04304,863,20,43.15
-0.19399,0.0245,864,20,43.2
-0.22864,0.08047,865,20,43.25
-0.22067,0.07681,866,20,43.3
-0.26087,0.11406,867,20,43.35
-0.22614,0.04586,868,20,43.4
-0.22336,0.07175,869,20,43.45
-0.22623,0.02847,870,20,43.5
-0.21123,0.0372,871,20,43.55
-0.21753,0.04892,872,20,43.6
-0.21092,0.05037,873,20,43.65
-0.21264,0.06106,874,20,43.7
-0.21109,0.08356,875,20,43.75
-0.2092,0.09353,876,20,43.8
-0.22751,0.08932,877,20,43.85
-0.20823,0.08408,878,20,43.9
-0.19155,0.05565,879,20,43.95
-0.2319,0.08698,880,20,44.0
-0.21318,0.05681,881,20,44.05
-0.23604,0.09244,882,20,44.1
-0.21682,0.05243,883,20,44.15
-0.1981,0.02298,884,20,44.2
-0.22234,-0.0021,885,20,44.25
-0.20968,-0.02172,886,20,44.3
-0.19145,-0.03157,887,20,44.35
-0.22039,-0.0211,888,20,44.4
-0.2246,-0.00634,889,20,44.45
-0.21135,-0.02003,890,20,44.5
-0.2302,-0.00642,891,20,44.55
-0.21438,-0.0128,892,20,44.6
-0.21765,-0.00348,893,20,44.65
-0.24603,0.06811,894,20,44.7
-0.24376,0.03477,895,20,44.75
-0.18423,-0.00716,896,20,44.8
-0.19739,-0.01907,897,20,44.85
-0.18581,-0.01146,898,20,44.9
-0.19212,-0.03451,899,20,44.95
-0.16785,-0.0288,900,20,45.0
-0.16708,-0.00888,901,20,45.05
-0.21259,-0.01819,902,20,45.1
-0.20219,-0.06632,903,20,45.15
-0.19537,-0.05541,904,20,45.2
-0.19189,-0.03351,905,20,45.25
-0.19479,-0.02536,906,20,45.3
-0.21551,-0.10021,907,20,45.35
-0.21598,-0.07254,908,20,45.4
-0.24848,-0.11899,909,20,45.45
-0.26258,-0.11828,910,20,45.5
-0.26534,-0.07352,911,20,45.55
-0.20247,-0.05061,912,20,45.6
-0.21742,-0.05247,913,20,45.65
-0.22742,-0.06062,914,20,45.7
-0.24176,-0.07637,915,20,45.75
-0.24542,-0.08015,916,20,45.8
-0.26312,-0.0856,917,20,45.85
-0.28565,-0.0496,918,20,45.9
-0.28616,-0.08936,919,20,45.95
-0.27179,-0.0511,920,20,46.0
-0.26171,-0.04901,921,20,46.05
-0.24504,-0.05232,922,20,46.1
-0.27217,-0.06541,923,20,46.15
-0.21485,-0.02688,924,20,46.2
-0.23554,-0.05247,925,20,46.25
-0.21913,-0.0237,926,20,46.3
-0.21688,-0.0052,927,20,46.35
-0.25546,-0.04607,928,20,46.4
-0.22122,-0.02219,929,20,46.45
-0.24008,-0.00921,930,20,46.5
-0.22888,0.01357,931,20,46.55
-0.18698,0.00447,932,20,46.6
-0.18584,-0.01694,933,20,46.65
-0.19257,-0.00902,934,20,46.7
-0.18741,0.00156,935,20,46.75
-0.18869,0.02235,936,20,46.8
-0.19879,0.00266,937,20,46.85
-0.17421,-0.00654,938,20,46.9
-0.18156,-0.02579,939,20,46.95
-0.18718,0.00179,940,20,47.0
-0.20908,-0.01643,941,20,47.05
-0.21367,-0.00582,942,20,47.1
-0.22018,-0.02829,943,20,47.15
-0.2031,-0.00639,944,20,47.2
-0.19347,-0.02591,945,20,47.25
-0.19685,-0.04372,946,20,47.3
-0.20978,-0.02042,947,20,47.35
-0.18341,-0.04015,948,20,47.4
-0.19071,-0.03919,949,20,47.45
-0.1856,-0.04505,950,20,47.5
-0.20098,-0.04641,951,20,47.55
-0.21935,-0.055,952,20,47.6
-0.20143,-0.06556,953,20,47.65
-0.1914,-0.04213,954,20,47.7
-0.19861,-0.03976,955,20,47.75
-0.21458,-0.06631,956,20,47.8
-0.20645,-0.07426,957,20,47.85
-0.19852,-0.04896,958,20,47.9
-0.22341,-0.06704,959,20,47.95
-0.24372,-0.09378,960,20,48.0
-0.2299,-0.06925,961,20,48.05
-0.22739,-0.06348,962,20,48.1
-0.24721,-0.07835,963,20,48.15
-0.26406,-0.1057,964,20,48.2
-0.24724,-0.08528,965,20,48.25
-0.24429,-0.11208,966,20,48.3
-0.2449,-0.10299,967,20,48.35
-0.25472,-0.12993,968,20,48.4
-0.27932,-0.14191,969,20,48.45
-0.23087,-0.0854,970,20,48.5
-0.24972,-0.1017,971,20,48.55
-0.27071,-0.10186,972,20,48.6
-0.25367,-0.09214,973,20,48.65
-0.28364,-0.11618,974,20,48.7
-0.29423,-0.10235,975,20,48.75
-0.2605,-0.08044,976,20,48.8
-0.26364,-0.07464,977,20,48.85
-0.27917,-0.06911,978,20,48.9
-0.26562,-0.08292,979,20,48.95
-0.26189,-0.09453,980,20,49.0
-0.24965,-0.0809,981,20,49.05
-0.22886,-0.05125,982,20,49.1
-0.25616,-0.07352,983,20,49.15
-0.25106,-0.07972,984,20,49.2
-0.2738,-0.09457,985,20,49.25
-0.2873,-0.10909,986,20,49.3
-0.26942,-0.08304,987,20,49.35
-0.22843,-0.08399,988,20,49.4
-0.24821,-0.07374,989,20,49.45
-0.21976,-0.04587,990,20,49.5
-0.23465,-0.05541,991,20,49.55
-0.23075,-0.06436,992,20,49.6
-0.22935,-0.06551,993,20,49.65
-0.23008,-0.06674,994,20,49.7
-0.21978,-0.03588,995,20,49.75
-0.21353,-0.05175,996,20,49.8
-0.22698,-0.04078,997,20,49.85
-0.22902,-0.05002,998,20,49.9
-0.23829,-0.06252,999,20,49.95
-0.23587,-0.03258,1000,20,50.0
-0.21653,0.03314,1001,20,50.05
-0.2073,0.00488,1002,20,50.1
-0.22321,0.00995,1003,20,50.15
-0.20564,-0.01719,1004,20,50.2
-0.21991,0.01074,1005,20,50.25
-0.21402,0.03576,1006,20,50.3
-0.20822,0.02863,1007,20,50.35
-0.22944,0.04565,1008,20,50.4
-0.23189,0.05682,1009,20,50.45
-0.24767,0.10168,1010,20,50.5
-0.23854,0.10098,1011,20,50.55
-0.2776,0.12079,1012,20,50.6
-0.28091,0.11008,1013,20,50.65
-0.24797,0.07353,1014,20,50.7
-0.235,0.07174,1015,20,50.75
-0.22826,0.03037,1016,20,50.8
-0.2894,0.06659,1017,20,50.85
-0.2851,0.09598,1018,20,50.9
-0.2712,0.05982,1019,20,50.95
-0.29462,0.0643,1020,20,51.0
-0.31086,0.07742,1021,20,51.05
-0.31134,0.0859,1022,20,51.1
-0.30668,0.07178,1023,20,51.15
-0.21446,0.06726,1024,20,51.2
-0.23015,0.0804,1025,20,51.25
-0.26913,0.13623,1026,20,51.3
-0.25176,0.10463,1027,20,51.35
-0.24656,0.08494,1028,20,51.4
-0.25404,0.04111,1029,20,51.45
-0.25056,0.04797,1030,20,51.5
-0.24414,0.02954,1031,20,51.55
-0.258,0.0305,1032,20,51.6
-0.25534,0.03658,1033,20,51.65
-0.24841,0.0569,1034,20,51.7
-0.28273,0.0892,1035,20,51.75
-0.26464,0.08136,1036,20,51.8
-0.26639,0.08804,1037,20,51.85
-0.24158,0.05641,1038,20,51.9
-0.2558,0.07779,1039,20,51.95
-0.25645,0.05465,1040,20,52.0
-0.25785,0.07096,1041,20,52.05
-0.1996,0.04348,1042,20,52.1
-0.18483,-0.02209,1043,20,52.15
-0.19414,0.00895,1044,20,52.2
-0.18644,0.02136,1045,20,52.25
-0.19825,0.01691,1046,20,52.3
-0.18171,-0.00698,1047,20,52.35
-0.19648,-0.00292,1048,20,52.4
-0.16483,-0.02448,1049,20,52.45
-0.19792,-0.00576,1050,20,52.5
-0.22239,0.02524,1051,20,52.55
-0.21933,0.01064,1052,20,52.6
-0.22366,-0.01549,1053,20,52.65
-0.21202,0.01347,1054,20,52.7
-0.23033,-0.00314,1055,20,52.75
-0.20105,0.01167,1056,20,52.8
-0.20968,0.01823,1057,20,52.85
-0.21282,-0.0137,1058,20,52.9
-0.25187,0.03807,1059,20,52.95
-0.22974,0.00966,1060,20,53.0
-0.23032,-0.02547,1061,20,53.05
-0.23094,-0.01203,1062,20,53.1
-0.23842,0.00466,1063,20,53.15
-0.23861,0.01794,1064,20,53.2
-0.24876,0.04024,1065,20,53.25
-0.26091,0.07437,1066,20,53.3
-0.22439,-0.01258,1067,20,53.35
-0.22433,-0.01309,1068,20,53.4
-0.22709,-0.03417,1069,20,53.45
-0.20728,-0.02265,1070,20,53.5
-0.21559,-0.0449,1071,20,53.55
-0.21334,-0.03379,1072,20,53.6
-0.23911,-0.05083,1073,20,53.65
-0.24798,-0.0341,1074,20,53.7
-0.21903,-0.00865,1075,20,53.75
-0.21342,0.00376,1076,20,53.8
-0.2084,0.03461,1077,20,53.85
-0.247,0.05264,1078,20,53.9
-0.26266,0.03536,1079,20,53.95
-0.25197,0.02096,1080,20,54.0
-0.288,0.05157,1081,20,54.05
-0.25621,0.0057,1082,20,54.1
-0.24397,0.01624,1083,20,54.15
-0.24559,0.02948,1084,20,54.2
-0.29803,0.05689,1085,20,54.25
-0.25453,0.04659,1086,20,54.3
-0.24838,0.01772,1087,20,54.35
-0.24324,0.00947,1088,20,54.4
-0.25042,0.00072,1089,20,54.45
-0.26555,-0.02266,1090,20,54.5
-0.24169,-0.00917,1091,20,54.55
-0.26912,0.01828,1092,20,54.6
-0.27718,0.03,1093,20,54.65
-0.26168,0.00778,1094,20,54.7
-0.25905,0.01711,1095,20,54.75
-0.25141,0.02813,1096,20,54.8
-0.23894,0.04178,1097,20,54.85
-0.24929,0.02698,1098,20,54.9
-0.25176,0.06072,1099,20,54.95
-0.22557,0.02821,1100,20,55.0
-0.22489,0.04864,1101,20,55.05
-0.245,0.06176,1102,20,55.1
-0.25161,0.07888,1103,20,55.15
-0.24117,0.09992,1104,20,55.2
-0.25288,0.11679,1105,20,55.25
-0.21511,0.068,1106,20,55.3
-0.20213,0.04927,1107,20,55.35
-0.21134,0.04453,1108,20,55.4
-0.2232,0.04583,1109,20,55.45
-0.21629,0.05664,1110,20,55.5
-0.1983,0.05356,1111,20,55.55
-0.20303,0.07595,1112,20,55.6
-0.19901,0.06374,1113,20,55.65
-0.22311,0.08946,1114,20,55.7
-0.22292,0.05789,1115,20,55.75
-0.23282,0.04735,1116,20,55.8
-0.21832,0.05628,1117,20,55.85
-0.23543,0.09173,1118,20,55.9
-0.20949,0.04297,1119,20,55.95
-0.22389,0.08404,1120,20,56.0
-0.24138,0.05815,1121,20,56.05
-0.25286,0.12396,1122,20,56.1
-0.25016,0.12868,1123,20,56.15
-0.23195,0.07713,1124,20,56.2
-0.2487,0.1105,1125,20,56.25
-0.22969,0.106,1126,20,56.3
-0.20202,0.03556,1127,20,56.35
-0.17311,0.07222,1128,20,56.4
-0.18935,0.10289,1129,20,56.45
-0.19456,0.0991,1130,20,56.5
-0.23765,0.13382,1131,20,56.55
-0.22041,0.12117,1132,20,56.6
-0.21738,0.13214,1133,20,56.65
-0.22121,0.12554,1134,20,56.7
-0.24071,0.14543,1135,20,56.75
-0.29055,0.2013,1136,20,56.8
-0.27104,0.14316,1137,20,56.85
-0.28468,0.12849,1138,20,56.9
-0.28724,0.11473,1139,20,56.95
-0.25894,0.10481,1140,20,57.0
-0.30859,0.12435,1141,20,57.05
-0.28383,0.07071,1142,20,57.1
-0.29016,0.09943,1143,20,57.15
-0.2476,0.02608,1144,20,57.2
-0.2921,0.08153,1145,20,57.25
-0.23536,-0.00708,1146,20,57.3
-0.2744,0.03709,1147,20,57.35
-0.25723,-0.00161,1148,20,57.4
-0.2768,0.05014,1149,20,57.45
-0.28211,0.05231,1150,20,57.5
-0.25684,0.03954,1151,20,57.55
-0.25122,0.08965,1152,20,57.6
-0.23845,0.07028,1153,20,57.65
-0.20623,0.02461,1154,20,57.7
-0.17847,0.00899,1155,20,57.75
-0.21025,0.04049,1156,20,57.8
-0.218,0.04645,1157,20,57.85
-0.20338,0.01835,1158,20,57.9
-0.20484,-0.0095,1159,20,57.95
-0.21837,0.00154,1160,20,58.0
-0.20463,-0.00035,1161,20,58.05
-0.24649,0.02777,1162,20,58.1
-0.27523,0.10002,1163,20,58.15
-0.23737,0.03274,1164,20,58.2
-0.22778,0.07058,1165,20,58.25
-0.21058,0.01876,1166,20,58.3
-0.202,0.00667,1167,20,58.35
-0.22004,0.03744,1168,20,58.4
-0.21934,0.04224,1169,20,58.45
-0.22158,0.04322,1170,20,58.5
-0.19607,0.01007,1171,20,58.55
-0.20969,-0.00181,1172,20,58.6
-0.23258,-0.02616,1173,20,58.65
-0.22904,0.02191,1174,20,58.7
-0.23278,0.01184,1175,20,58.75
-0.22846,-0.0021,1176,20,58.8
-0.24618,0.02186,1177,20,58.85
-0.28578,0.0265,1178,20,58.9
-0.27775,0.06748,1179,20,58.95
-0.26811,0.05501,1180,20,59.0
-0.27005,0.04837,1181,20,59.05
-0.27076,0.03421,1182,20,59.1
-0.263,0.02698,1183,20,59.15
-0.2241,0.05323,1184,20,59.2
-0.23081,0.04005,1185,20,59.25
-0.24843,0.01701,1186,20,59.3
-0.25181,0.03522,1187,20,59.35
-0.28414,-0.04473,1188,20,59.4
-0.2546,0.01408,1189,20,59.45
-0.29186,-0.05758,1190,20,59.5
-0.26468,-0.02068,1191,20,59.55
-0.26468,0.02635,1192,20,59.6
-0.24527,-0.02488,1193,20,59.65
-0.23648,0.00085,1194,20,59.7
-0.25034,-0.04311,1195,20,59.75
-0.22866,-0.02246,1196,20,59.8
-0.21748,-0.01165,1197,20,59.85
-0.23567,0.00898,1198,20,59.9
-0.21812,-0.01642,1199,20,59.95
-0.24308,0.00311,1200,20,60.0
-0.25568,0.00689,1201,20,60.05
-0.23936,0.00106,1202,20,60.1
-0.25942,-0.00349,1203,20,60.15
-0.25165,0.0028,1204,20,60.2
-0.23871,0.01492,1205,20,60.25
-0.23401,-0.00471,1206,20,60.3
-0.235,-0.01058,1207,20,60.35
-0.22523,0.02442,1208,20,60.4
-0.23242,0.00554,1209,20,60.45
-0.24252,0.02749,1210,20,60.5
-0.21181,-0.01865,1211,20,60.55
-0.21,-0.00661,1212,20,60.6
-0.22101,-0.00223,1213,20,60.65
-0.22924,-0.01336,1214,20,60.7
-0.23841,-0.01072,1215,20,60.75
-0.24638,-0.0375,1216,20,60.8
-0.24715,-0.01249,1217,20,60.85
-0.27006,-0.00401,1218,20,60.9
-0.23929,-0.0046,1219,20,60.95
-0.25335,0.01593,1220,20,61.0
-0.24979,0.01081,1221,20,61.05
-0.24591,0.04678,1222,20,61.1
-0.24429,0.02368,1223,20,61.15
-0.22064,0.0238,1224,20,61.2
-0.21851,0.02401,1225,20,61.25
-0.26969,0.00334,1226,20,61.3
-0.28184,0.00083,1227,20,61.35
-0.30283,0.02307,1228,20,61.4
-0.27535,0.03139,1229,20,61.45
-0.29977,0.07949,1230,20,61.5
-0.27979,0.08096,1231,20,61.55
-0.25824,0.06113,1232,20,61.6
-0.24993,0.05451,1233,20,61.65
-0.24298,0.04801,1234,20,61.7
-0.22997,0.01608,1235,20,61.75
-0.21851,-0.00526,1236,20,61.8
-0.24269,0.01465,1237,20,61.85
-0.21475,0.00178,1238,20,61.9
-0.1777,-0.02089,1239,20,61.95
-0.22391,-0.02345,1240,20,62.0
-0.18328,-0.01293,1241,20,62.05
-0.18988,-0.01507,1242,20,62.1
-0.19196,-0.01222,1243,20,62.15
-0.19929,0.00424,1244,20,62.2
-0.1916,0.00746,1245,20,62.25
-0.19798,0.02415,1246,20,62.3
-0.21157,0.01327,1247,20,62.35
-0.20343,0.00359,1248,20,62.4
-0.23531,0.0197,1249,20,62.45
-0.21089,-0.01275,1250,20,62.5
-0.22339,0.02952,1251,20,62.55
-0.22457,0.01918,1252,20,62.6
-0.24137,-0.01016,1253,20,62.65
-0.24828,-0.00822,1254,20,62.7
-0.24035,-0.04741,1255,20,62.75
-0.22968,-0.05445,1256,20,62.8
-0.19305,-0.01515,1257,20,62.85
-0.18339,0.01092,1258,20,62.9
-0.20269,0.01628,1259,20,62.95
-0.2237,0.02913,1260,20,63.0
-0.22486,0.03018,1261,20,63.05
-0.23149,-0.00936,1262,20,63.1
-0.22937,-0.00099,1263,20,63.15
-0.21902,-0.00311,1264,20,63.2
-0.23595,0.03298,1265,20,63.25
-0.21393,0.04816,1266,20,63.3
-0.22431,0.07104,1267,20,63.35
-0.21235,0.087,1268,20,63.4
-0.24192,0.08833,1269,20,63.45
-0.21629,0.05097,1270,20,63.5
-0.23518,0.04584,1271,20,63.55
-0.1981,0.00911,1272,20,63.6
-0.20076,0.01976,1273,20,63.65
-0.22694,0.01608,1274,20,63.7
-0.21268,0.0408,1275,20,63.75
-0.21781,0.02625,1276,20,63.8
-0.2266,0.01788,1277,20,63.85
-0.22416,0.02979,1278,20,63.9
-0.21539,0.0228,1279,20,63.95
-0.23202,0.03038,1280,20,64.0
-0.22354,0.01238,1281,20,64.05
-0.21239,0.0017,1282,20,64.1
-0.23589,0.0354,1283,20,64.15
-0.22905,0.00789,1284,20,64.2
-0.26426,0.0451,1285,20,64.25
-0.23175,0.01911,1286,20,64.3
-0.22657,0.00523,1287,20,64.35
-0.20358,0.01533,1288,20,64.4
-0.19462,-0.00754,1289,20,64.45
-0.19102,-0.0355,1290,20,64.5
-0.18636,-0.026,1291,20,64.55
-0.17385,-0.03965,1292,20,64.6
-0.18827,-0.04197,1293,20,64.65
-0.22194,-0.01436,1294,20,64.7
-0.2046,-0.0221,1295,20,64.75
-0.20222,-0.03316,1296,20,64.8
-0.21248,-0.04879,1297,20,64.85
-0.21626,-0.0544,1298,20,64.9
-0.20461,-0.05505,1299,20,64.95
-0.21584,-0.02017,1300,20,65.0
-0.21982,-0.01915,1301,20,65.05
-0.18668,-0.01347,1302,20,65.1
-0.19869,-0.0046,1303,20,65.15
-0.22254,-0.03971,1304,20,65.2
-0.2631,-0.02427,1305,20,65.25
-0.26741,-0.0496,1306,20,65.3
-0.25257,-0.05562,1307,20,65.35
-0.25675,-0.03587,1308,20,65.4
-0.23879,-0.04811,1309,20,65.45
-0.24996,-0.04604,1310,20,65.5
-0.25077,-0.04923,1311,20,65.55
-0.26715,-0.0858,1312,20,65.6
-0.24021,-0.07242,1313,20,65.65
-0.23925,-0.08393,1314,20,65.7
-0.24091,-0.06558,1315,20,65.75
-0.27497,-0.10083,1316,20,65.8
-0.28032,-0.12027,1317,20,65.85
-0.26125,-0.12632,1318,20,65.9
-0.2821,-0.132,1319,20,65.95
-0.26754,-0.09815,1320,20,66.0
-0.25717,-0.05543,1321,20,66.05
-0.25975,-0.04643,1322,20,66.1
-0.25465,-0.05221,1323,20,66.15
-0.27981,-0.06597,1324,20,66.2
-0.26197,-0.01955,1325,20,66.25
-0.25185,-0.02711,1326,20,66.3
-0.26805,-0.04247,1327,20,66.35
-0.22751,0.00195,1328,20,66.4
-0.24958,-0.01092,1329,20,66.45
-0.2292,-0.0069,1330,20,66.5
-0.20463,-0.00349,1331,20,66.55
-0.22561,-0.00184,1332,20,66.6
-0.21629,-0.01884,1333,20,66.65
-0.22849,0.00075,1334,20,66.7
-0.24535,0.02861,1335,20,66.75
-0.23808,0.03869,1336,20,66.8
-0.26165,0.09473,1337,20,66.85
-0.24311,0.06707,1338,20,66.9
-0.22449,0.06278,1339,20,66.95
-0.2463,0.06426,1340,20,67.0
-0.22137,0.00793,1341,20,67.05
-0.24252,0.01241,1342,20,67.1
-0.21608,0.00573,1343,20,67.15
-0.2122,-0.01595,1344,20,67.2
-0.24231,0.02093,1345,20,67.25
-0.26408,0.01476,1346,20,67.3
-0.23096,0.00762,1347,20,67.35
-0.27505,0.04412,1348,20,67.4
-0.24074,0.0231,1349,20,67.45
-0.26644,0.05652,1350,20,67.5
-0.24128,0.06454,1351,20,67.55
-0.24614,0.04342,1352,20,67.6
-0.24858,0.05586,1353,20,67.65
-0.26119,0.07961,1354,20,67.7
-0.25317,0.0658,1355,20,67.75
-0.23121,0.04299,1356,20,67.8
-0.21155,0.03754,1357,20,67.85
-0.21543,0.03619,1358,20,67.9
-0.23138,0.01867,1359,20,67.95
-0.26005,0.04076,1360,20,68.0
-0.23206,-0.03718,1361,20,68.05
-0.19989,0.01749,1362,20,68.1
-0.1956,-0.00461,1363,20,68.15
-0.1969,0.01279,1364,20,68.2
-0.18838,0.00516,1365,20,68.25
-0.18928,0.02472,1366,20,68.3
-0.19046,-0.00032,1367,20,68.35
-0.19885,0.0185,1368,20,68.4
-0.20628,0.03034,1369,20,68.45
-0.22416,0.05915,1370,20,68.5
-0.23474,0.04108,1371,20,68.55
-0.22609,0.02666,1372,20,68.6
-0.19897,-0.01271,1373,20,68.65
-0.2125,0.0005,1374,20,68.7
-0.22223,0.01406,1375,20,68.75
-0.20483,0.0032,1376,20,68.8
-0.20694,-0.02398,1377,20,68.85
-0.22606,-0.03945,1378,20,68.9
-0.22344,-0.0253,1379,20,68.95
-0.20382,-0.03119,1380,20,69.0
-0.21457,-0.01297,1381,20,69.05
-0.22963,-0.00255,1382,20,69.1
-0.24309,-0.01447,1383,20,69.15
-0.21165,-0.01858,1384,20,69.2
-0.18874,-0.00095,1385,20,69.25
-0.21572,-0.01592,1386,20,69.3
-0.21102,-0.00418,1387,20,69.35
-0.26194,0.02549,1388,20,69.4
-0.25134,0.01005,1389,20,69.45
-0.23147,0.00091,1390,20,69.5
-0.23692,0.00737,1391,20,69.55
-0.23603,0.02295,1392,20,69.6
-0.22209,-0.00651,1393,20,69.65
-0.22351,-0.02399,1394,20,69.7
-0.21346,-0.01917,1395,20,69.75
-0.23683,-0.0349,1396,20,69.8
-0.23489,-0.03397,1397,20,69.85
-0.18873,-0.02221,1398,20,69.9
-0.228,-0.03701,1399,20,69.95
-0.20814,-0.03281,1400,20,70.0
-0.19442,-0.02789,1401,20,70.05
-0.1817,-0.01964,1402,20,70.1
-0.19612,-0.06151,1403,20,70.15
-0.1936,-0.05281,1404,20,70.2
-0.19386,-0.05571,1405,20,70.25
-0.20118,-0.05863,1406,20,70.3
-0.21959,-0.01569,1407,20,70.35
-0.26102,-0.0393,1408,20,70.4
-0.23272,-0.06184,1409,20,70.45
-0.23403,-0.05447,1410,20,70.5
-0.22689,-0.05025,1411,20,70.55
-0.21821,-0.04877,1412,20,70.6
-0.22677,-0.05779,1413,20,70.65
-0.19943,-0.04639,1414,20,70.7
-0.2404,-0.09159,1415,20,70.75
-0.24022,-0.08877,1416,20,70.8
-0.21748,-0.07148,1417,20,70.85
-0.25204,-0.08619,1418,20,70.9
-0.24475,-0.07122,1419,20,70.95
-0.19485,-0.00771,1420,20,71.0
-0.19534,-0.02883,1421,20,71.05
-0.20532,-0.02033,1422,20,71.1
-0.19019,-0.0225,1423,20,71.15
-0.19533,0.02108,1424,20,71.2
-0.19274,0.03792,1425,20,71.25
-0.22652,0.05207,1426,20,71.3
-0.23084,0.07045,1427,20,71.35
-0.2234,0.08467,1428,20,71.4
-0.2365,0.07687,1429,20,71.45
-0.21662,0.06142,1430,20,71.5
-0.20976,0.06795,1431,20,71.55
-0.23332,0.05849,1432,20,71.6
-0.25673,-0.01108,1433,20,71.65
-0.21337,-0.07963,1434,20,71.7
-0.20095,-0.02233,1435,20,71.75
-0.23991,0.07439,1436,20,71.8
-0.17929,0.05819,1437,20,71.85
-0.17644,0.02664,1438,20,71.9
-0.17773,0.0339,1439,20,71.95
-0.19356,0.04629,1440,20,72.0
-0.1625,0.03885,1441,20,72.05
-0.1621,0.02628,1442,20,72.1
-0.16581,0.00665,1443,20,72.15
-0.19628,0.04929,1444,20,72.2
-0.20324,0.04881,1445,20,72.25
-0.19009,0.05318,1446,20,72.3
-0.20616,0.06756,1447,20,72.35
-0.21951,0.05271,1448,20,72.4
-0.23539,0.07522,1449,20,72.45
-0.24566,0.08279,1450,20,72.5
-0.23446,0.06734,1451,20,72.55
-0.24822,0.09617,1452,20,72.6
-0.24051,0.06955,1453,20,72.65
-0.2581,0.08745,1454,20,72.7
-0.25376,0.09031,1455,20,72.75
-0.23633,0.06283,1456,20,72.8
-0.25213,0.08505,1457,20,72.85
-0.24728,0.07109,1458,20,72.9
-0.21002,0.02884,1459,20,72.95
-0.21291,0.05284,1460,20,73.0
-0.22151,0.04231,1461,20,73.05
-0.24141,0.08578,1462,20,73.1
-0.2815,0.13621,1463,20,73.15
-0.26404,0.10409,1464,20,73.2
-0.25787,0.07861,1465,20,73.25
-0.23386,0.02366,1466,20,73.3
-0.22162,0.02634,1467,20,73.35
-0.228,0.02917,1468,20,73.4
-0.2263,0.00576,1469,20,73.45
-0.22437,-0.00078,1470,20,73.5
-0.22301,-0.00015,1471,20,73.55
-0.22207,0.02518,1472,20,73.6
-0.24507,0.02853,1473,20,73.65
-0.24958,0.0283,1474,20,73.7
-0.2235,0.01733,1475,20,73.75
-0.27611,0.05595,1476,20,73.8
-0.27272,0.06867,1477,20,73.85
-0.227,0.0077,1478,20,73.9
-0.2337,0.02046,1479,20,73.95
-0.24403,-0.00247,1480,20,74.0
-0.25936,0.03488,1481,20,74.05
-0.21993,-0.01306,1482,20,74.1
-0.20619,-0.01652,1483,20,74.15
-0.22798,0.01038,1484,20,74.2
-0.25091,-0.01266,1485,20,74.25
-0.22221,-0.02848,1486,20,74.3
-0.21088,0.00073,1487,20,74.35
-0.19041,-0.0012,1488,20,74.4
-0.19973,0.00644,1489,20,74.45
-0.21617,0.01019,1490,20,74.5
-0.21733,0.00212,1491,20,74.55
-0.22956,0.02112,1492,20,74.6
-0.21072,-0.00185,1493,20,74.65
-0.21306,-0.00792,1494,20,74.7
-0.20352,0.00864,1495,20,74.75
-0.20043,-0.01733,1496,20,74.8
-0.20879,-0.00587,1497,20,74.85
-0.2007,0.01041,1498,20,74.9
-0.21613,0.03434,1499,20,74.95
-0.20304,0.02969,1500,20,75.0
-0.20141,-0.00082,1501,20,75.05
-0.1917,0.00143,1502,20,75.1
-0.16716,-0.0512,1503,20,75.15
-0.17135,-0.05661,1504,20,75.2
-0.19004,-0.04841,1505,20,75.25
-0.19796,-0.02377,1506,20,75.3
-0.17753,-0.04312,1507,20,75.35
-0.21897,-0.02106,1508,20,75.4
-0.17888,-0.04899,1509,20,75.45
-0.18889,-0.03356,1510,20,75.5
-0.18947,-0.03852,1511,20,75.55
-0.2207,0.00342,1512,20,75.6
-0.20734,-0.0256,1513,20,75.65
-0.21655,-0.04294,1514,20,75.7
-0.21533,-0.03898,1515,20,75.75
-0.19607,-0.0308,1516,20,75.8
-0.20388,-0.04844,1517,20,75.85
-0.2169,-0.03388,1518,20,75.9
-0.21814,-0.03856,1519,20,75.95
-0.19637,-0.03995,1520,20,76.0
-0.19499,-0.04725,1521,20,76.05
-0.23687,-0.06025,1522,20,76.1
-0.21367,-0.03977,1523,20,76.15
-0.18841,-0.03515,1524,20,76.2
-0.19938,-0.04745,1525,20,76.25
-0.22345,-0.04233,1526,20,76.3
-0.18236,-0.03278,1527,20,76.35
-0.21991,-0.03977,1528,20,76.4
-0.19359,-0.0577,1529,20,76.45
-0.18382,-0.11872,1530,20,76.5
-0.18867,-0.12297,1531,20,76.55
-0.16066,-0.1429,1532,20,76.6
-0.17902,-0.11872,1533,20,76.65
-0.20638,-0.03834,1534,20,76.7
-0.20555,0.02515,1535,20,76.75
-0.22429,0.02768,1536,20,76.8
-0.20445,0.02999,1537,20,76.85
-0.24733,0.07214,1538,20,76.9
-0.2369,0.0503,1539,20,76.95
-0.23306,0.03217,1540,20,77.0
-0.24433,0.0611,1541,20,77.05
-0.19641,0.01824,1542,20,77.1
-0.165,0.01179,1543,20,77.15
-0.18246,-0.00259,1544,20,77.2
-0.17215,0.02431,1545,20,77.25
-0.19617,0.03432,1546,20,77.3
-0.21105,0.03638,1547,20,77.35
-0.20862,0.03398,1548,20,77.4
-0.22521,0.0481,1549,20,77.45
-0.20447,0.03109,1550,20,77.5
-0.18036,0.02671,1551,20,77.55
-0.183,0.01946,1552,20,77.6
-0.216,0.03429,1553,20,77.65
-0.2402,0.05308,1554,20,77.7
-0.21674,0.05091,1555,20,77.75
-0.19516,0.01101,1556,20,77.8
-0.19624,-0.00035,1557,20,77.85
-0.18465,0.00976,1558,20,77.9
-0.20283,0.01386,1559,20,77.95
-0.19517,0.01113,1560,20,78.0
-0.16595,0.0009,1561,20,78.05
-0.18668,0.00994,1562,20,78.1
-0.18198,0.00215,1563,20,78.15
-0.20744,0.04395,1564,20,78.2
-0.18954,0.02041,1565,20,78.25
-0.16939,-0.00063,1566,20,78.3
-0.19265,-0.01406,1567,20,78.35
-0.20729,-0.00579,1568,20,78.4
-0.19544,-0.01594,1569,20,78.45
-0.19078,-0.02653,1570,20,78.5
-0.1958,-0.00515,1571,20,78.55
-0.18704,-0.01508,1572,20,78.6
-0.23571,-0.01788,1573,20,78.65
-0.19197,0.00879,1574,20,78.7
-0.21121,-0.01409,1575,20,78.75
-0.21941,0.00182,1576,20,78.8
-0.21107,0.00313,1577,20,78.85
-0.2135,0.01018,1578,20,78.9
-0.24858,-0.0118,1579,20,78.95
-0.24274,0.02303,1580,20,79.0
-0.23173,0.03993,1581,20,79.05
-0.24486,0.04139,1582,20,79.1
-0.25656,0.05925,1583,20,79.15
-0.25135,0.0589,1584,20,79.2
-0.25869,0.09185,1585,20,79.25
-0.27066,0.09105,1586,20,79.3
-0.26073,0.07107,1587,20,79.35
-0.26294,0.05029,1588,20,79.4
-0.27425,0.04018,1589,20,79.45
-0.28022,0.09686,1590,20,79.5
-0.28023,0.10955,1591,20,79.55
-0.29717,0.13665,1592,20,79.6
-0.31084,0.15007,1593,20,79.65
-0.28128,0.10503,1594,20,79.7
-0.27362,0.12808,1595,20,79.75
-0.29001,0.16625,1596,20,79.8
-0.27177,0.12197,1597,20,79.85
-0.27651,0.08285,1598,20,79.9
-0.26301,0.07306,1599,20,79.95
-0.26252,0.06215,1600,20,80.0
-0.26272,0.06078,1601,20,80.05
-0.24859,0.04818,1602,20,80.1
-0.22979,0.02817,1603,20,80.15
-0.2493,0.03753,1604,20,80.2
-0.23739,0.02872,1605,20,80.25
-0.25645,0.04718,1606,20,80.3
-0.25725,0.0663,1607,20,80.35
-0.24601,0.04878,1608,20,80.4
-0.23174,0.04426,1609,20,80.45
-0.20404,0.01508,1610,20,80.5
-0.20748,0.00909,1611,20,80.55
-0.24057,0.00862,1612,20,80.6
-0.20985,-0.00225,1613,20,80.65
-0.26378,0.04391,1614,20,80.7
-0.26485,0.06129,1615,20,80.75
-0.24903,0.03483,1616,20,80.8
-0.24289,0.01812,1617,20,80.85
-0.2352,0.02796,1618,20,80.9
-0.25976,0.06325,1619,20,80.95
-0.23541,0.05523,1620,20,81.0
-0.25021,0.07272,1621,20,81.05
-0.2397,0.03856,1622,20,81.1
-0.24503,0.03455,1623,20,81.15
-0.22238,0.0321,1624,20,81.2
-0.22538,0.06271,1625,20,81.25
-0.23719,0.07469,1626,20,81.3
-0.23209,0.06718,1627,20,81.35
-0.22702,0.05354,1628,20,81.4
-0.27429,0.13625,1629,20,81.45
-0.21775,0.049,1630,20,81.5
-0.23479,0.0462,1631,20,81.55
-0.20615,0.0275,1632,20,81.6
-0.20861,0.02462,1633,20,81.65
-0.19212,0.02525,1634,20,81.7
-0.21552,0.00779,1635,20,81.75
-0.22504,0.05678,1636,20,81.8
-0.23155,0.059,1637,20,81.85
-0.23598,0.03379,1638,20,81.9
-0.21051,-0.00473,1639,20,81.95
-0.20999,0.00179,1640,20,82.0
-0.21927,0.01216,1641,20,82.05
-0.1851,0.00323,1642,20,82.1
-0.20713,0.04141,1643,20,82.15
-0.2246,0.03332,1644,20,82.2
-0.25722,0.05955,1645,20,82.25
-0.23795,0.0241,1646,20,82.3
-0.24065,0.01718,1647,20,82.35
-0.24298,0.03748,1648,20,82.4
-0.26935,0.09708,1649,20,82.45
-0.26401,0.03664,1650,20,82.5
-0.26145,0.04608,1651,20,82.55
-0.26031,0.02216,1652,20,82.6
-0.27154,0.02803,1653,20,82.65
-0.27246,0.02563,1654,20,82.7
-0.28784,-0.00011,1655,20,82.75
-0.26708,-0.03334,1656,20,82.8
-0.25797,0.01646,1657,20,82.85
-0.27862,0.09089,1658,20,82.9
-0.2871,0.05679,1659,20,82.95
-0.28809,0.11943,1660,20,83.0
-0.26623,0.09336,1661,20,83.05
-0.2663,0.08573,1662,20,83.1
-0.20478,0.05052,1663,20,83.15
-0.19639,0.02187,1664,20,83.2
-0.18415,0.02157,1665,20,83.25
-0.19468,0.00223,1666,20,83.3
-0.20656,0.00335,1667,20,83.35
-0.20915,-0.01298,1668,20,83.4
-0.20926,0.00674,1669,20,83.45
-0.21867,0.04045,1670,20,83.5
-0.22127,0.02213,1671,20,83.55
-0.21533,0.01108,1672,20,83.6
-0.22783,0.07096,1673,20,83.65
-0.24126,0.03449,1674,20,83.7
-0.23597,0.00657,1675,20,83.75
-0.20846,-0.01102,1676,20,83.8
-0.21591,-0.01204,1677,20,83.85
-0.24576,0.0224,1678,20,83.9
-0.22342,-0.02031,1679,20,83.95
-0.23232,-0.03751,1680,20,84.0
-0.23666,0.00196,1681,20,84.05
-0.21738,0.0191,1682,20,84.1
-0.25056,0.01687,1683,20,84.15
-0.22649,0.02616,1684,20,84.2
-0.22315,0.03171,1685,20,84.25
-0.19968,0.02377,1686,20,84.3
-0.20308,0.00902,1687,20,84.35
-0.18867,0.01486,1688,20,84.4
-0.19941,-0.00323,1689,20,84.45
-0.20351,0.02376,1690,20,84.5
-0.22712,0.0324,1691,20,84.55
-0.26882,0.08293,1692,20,84.6
-0.21488,0.04799,1693,20,84.65
-0.21786,0.04277,1694,20,84.7
-0.21094,0.05636,1695,20,84.75
-0.19823,0.03755,1696,20,84.8
-0.22458,0.05361,1697,20,84.85
-0.1929,0.02775,1698,20,84.9
-0.22945,0.05795,1699,20,84.95
-0.24428,0.0597,1700,20,85.0
-0.25359,0.02245,1701,20,85.05
-0.24643,0.04278,1702,20,85.1
-0.20933,0.00244,1703,20,85.15
-0.23609,0.01901,1704,20,85.2
-0.23565,0.02173,1705,20,85.25
-0.24041,-0.01534,1706,20,85.3
-0.22371,0.03868,1707,20,85.35
-0.26075,0.12288,1708,20,85.4
-0.28601,0.12759,1709,20,85.45
-0.2798,0.10463,1710,20,85.5
-0.18004,-0.01397,1711,20,85.55
-0.18675,-0.01596,1712,20,85.6
-0.1915,-0.04967,1713,20,85.65
-0.2315,-0.01244,1714,20,85.7
-0.22209,-0.00028,1715,20,85.75
-0.21973,-0.01208,1716,20,85.8
-0.20866,0.01263,1717,20,85.85
-0.19631,-0.02206,1718,20,85.9
-0.18614,-0.02788,1719,20,85.95
-0.20508,-0.04352,1720,20,86.0
-0.21661,-0.03017,1721,20,86.05
-0.22959,-0.01693,1722,20,86.1
-0.23781,-0.01779,1723,20,86.15
-0.23137,-0.03489,1724,20,86.2
-0.22962,-0.03098,1725,20,86.25
-0.20047,0.009,1726,20,86.3
-0.22149,-0.05175,1727,20,86.35
-0.17953,-0.0049,1728,20,86.4
-0.18999,-0.02774,1729,20,86.45
-0.16312,-0.04234,1730,20,86.5
-0.18917,-0.02851,1731,20,86.55
-0.20259,-0.02315,1732,20,86.6
-0.17938,-0.01009,1733,20,86.65
-0.15402,-0.00684,1734,20,86.7
-0.15166,-0.01804,1735,20,86.75
-0.16192,0.01277,1736,20,86.8
-0.16989,0.03443,1737,20,86.85
-0.17248,0.01798,1738,20,86.9
-0.14379,0.0094,1739,20,86.95
-0.18427,0.02728,1740,20,87.0
-0.18527,0.03435,1741,20,87.05
-0.18297,0.01752,1742,20,87.1
-0.21398,0.06991,1743,20,87.15
-0.18567,0.03634,1744,20,87.2
-0.19801,0.04085,1745,20,87.25
-0.19912,0.03618,1746,20,87.3
-0.21092,0.07341,1747,20,87.35
-0.20418,0.05621,1748,20,87.4
-0.20355,0.05398,1749,20,87.45
-0.20683,0.06815,1750,20,87.5
-0.21236,0.10849,1751,20,87.55
-0.222,0.11267,1752,20,87.6
-0.22859,0.1155,1753,20,87.65
-0.23077,0.10623,1754,20,87.7
-0.22336,0.11904,1755,20,87.75
-0.16849,0.08176,1756,20,87.8
-0.20582,0.09126,1757,20,87.85
-0.21912,0.10253,1758,20,87.9
-0.21091,0.10611,1759,20,87.95
-0.21552,0.09711,1760,20,88.0
-0.21195,0.09896,1761,20,88.05
-0.21685,0.11959,1762,20,88.1
-0.21818,0.13531,1763,20,88.15
-0.22,0.12834,1764,20,88.2
-0.23372,0.18898,1765,20,88.25
-0.24376,0.13712,1766,20,88.3
-0.22425,0.14523,1767,20,88.35
-0.21194,0.11536,1768,20,88.4
-0.21981,0.12055,1769,20,88.45
-0.22487,0.10753,1770,20,88.5
-0.22704,0.13091,1771,20,88.55
-0.20535,0.10104,1772,20,88.6
-0.20431,0.0951,1773,20,88.65
-0.2038,0.11255,1774,20,88.7
-0.21925,0.11479,1775,20,88.75
-0.19746,0.12172,1776,20,88.8
-0.19388,0.10729,1777,20,88.85
-0.17168,0.07911,1778,20,88.9
-0.17552,0.09259,1779,20,88.95
-0.1639,0.0884,1780,20,89.0
-0.18464,0.08807,1781,20,89.05
-0.19073,0.0793,1782,20,89.1
-0.19648,0.07428,1783,20,89.15
-0.19014,0.08263,1784,20,89.2
-0.20879,0.10493,1785,20,89.25
-0.23599,0.12594,1786,20,89.3
-0.21554,0.09661,1787,20,89.35
-0.20845,0.07906,1788,20,89.4
-0.22825,0.09746,1789,20,89.45
-0.23779,0.2156,1790,20,89.5
-0.25743,0.25965,1791,20,89.55
-0.22502,0.18801,1792,20,89.6
-0.25506,0.21794,1793,20,89.65
-0.26072,0.20559,1794,20,89.7
-0.27041,0.19406,1795,20,89.75
-0.26559,0.20767,1796,20,89.8
-0.25152,0.19744,1797,20,89.85
-0.25171,0.18818,1798,20,89.9
-0.26057,0.20488,1799,20,89.95
-0.25382,0.20567,1800,20,90.0
-0.24563,0.18366,1801,20,90.05
-0.23626,0.17752,1802,20,90.1
-0.23912,0.19279,1803,20,90.15
-0.23997,0.17593,1804,20,90.2
-0.24289,0.1721,1805,20,90.25
-0.21281,0.11778,1806,20,90.3
-0.20528,0.10015,1807,20,90.35
-0.17505,0.08643,1808,20,90.4
-0.15082,0.09067,1809,20,90.45
-0.17153,0.09449,1810,20,90.5
-0.18704,0.1114,1811,20,90.55
-0.18645,0.0853,1812,20,90.6
-0.19982,0.09359,1813,20,90.65
-0.224,0.12958,1814,20,90.7
-0.23421,0.1426,1815,20,90.75
-0.21692,0.09092,1816,20,90.8
-0.23684,0.11212,1817,20,90.85
-0.22756,0.09862,1818,20,90.9
-0.23167,0.10043,1819,20,90.95
-0.22176,0.0923,1820,20,91.0
-0.24059,0.10529,1821,20,91.05
-0.24033,0.11591,1822,20,91.1
-0.25789,0.16512,1823,20,91.15
-0.24474,0.15129,1824,20,91.2
-0.24713,0.13511,1825,20,91.25
-0.21404,0.11796,1826,20,91.3
-0.23519,0.11514,1827,20,91.35
-0.2338,0.13877,1828,20,91.4
-0.23119,0.11768,1829,20,91.45
-0.22279,0.10571,1830,20,91.5
-0.22922,0.10117,1831,20,91.55
-0.21221,0.12674,1832,20,91.6
-0.21524,0.12907,1833,20,91.65
-0.22438,0.11742,1834,20,91.7
-0.26649,0.18001,1835,20,91.75
-0.24474,0.13859,1836,20,91.8
-0.23847,0.11465,1837,20,91.85
-0.26443,0.16895,1838,20,91.9
-0.26185,0.17195,1839,20,91.95
-0.25214,0.14424,1840,20,92.0
-0.25891,0.15254,1841,20,92.05
-0.2453,0.08811,1842,20,92.1
-0.26691,0.10899,1843,20,92.15
-0.259,0.15133,1844,20,92.2
-0.23058,0.10511,1845,20,92.25
-0.24859,0.11854,1846,20,92.3
-0.21544,0.07697,1847,20,92.35
-0.23935,0.11861,1848,20,92.4
-0.25714,0.13237,1849,20,92.45
-0.25313,0.14356,1850,20,92.5
-0.25149,0.13195,1851,20,92.55
-0.2705,0.17521,1852,20,92.6
-0.25844,0.14697,1853,20,92.65
-0.22416,0.07236,1854,20,92.7
-0.20155,0.03273,1855,20,92.75
-0.20242,0.01723,1856,20,92.8
-0.17468,0.02233,1857,20,92.85
-0.2012,0.02376,1858,20,92.9
-0.22245,0.04626,1859,20,92.95
-0.18723,0.05296,1860,20,93.0
-0.20686,0.05063,1861,20,93.05
-0.16243,0.02999,1862,20,93.1
-0.16175,0.02903,1863,20,93.15
-0.14747,0.00186,1864,20,93.2
-0.18412,0.05221,1865,20,93.25
-0.16622,0.03806,1866,20,93.3
-0.15634,0.02632,1867,20,93.35
-0.14443,-0.00716,1868,20,93.4
-0.15859,-0.00671,1869,20,93.45
-0.21554,0.0054,1870,20,93.5
-0.22171,0.03864,1871,20,93.55
-0.22755,0.03502,1872,20,93.6
-0.20756,0.03257,1873,20,93.65
-0.22234,0.0426,1874,20,93.7
-0.22048,0.04871,1875,20,93.75
-0.2195,0.03168,1876,20,93.8
-0.2034,0.04566,1877,20,93.85
-0.1942,0.07233,1878,20,93.9
-0.24329,0.08959,1879,20,93.95
-0.2553,0.02244,1880,20,94.0
-0.24203,0.01468,1881,20,94.05
-0.20443,-0.02114,1882,20,94.1
-0.21887,-0.02386,1883,20,94.15
-0.21697,0.02977,1884,20,94.2
-0.22888,0.0687,1885,20,94.25
-0.2162,0.04477,1886,20,94.3
-0.22003,0.03872,1887,20,94.35
-0.2424,0.02409,1888,20,94.4
-0.22505,0.0448,1889,20,94.45
-0.21006,0.06018,1890,20,94.5
-0.20852,0.04704,1891,20,94.55
-0.21483,0.03764,1892,20,94.6
-0.19291,-0.00549,1893,20,94.65
-0.24502,0.01735,1894,20,94.7
-0.22116,0.03607,1895,20,94.75
-0.26706,0.02564,1896,20,94.8
-0.27373,0.05625,1897,20,94.85
-0.24454,0.01776,1898,20,94.9
-0.26665,0.07696,1899,20,94.95
-0.26485,0.06312,1900,20,95.0
-0.28064,0.04152,1901,20,95.05
-0.27106,0.03179,1902,20,95.1
-0.2881,0.03358,1903,20,95.15
-0.25128,0.04477,1904,20,95.2
-0.26404,0.02847,1905,20,95.25
-0.2257,-0.00092,1906,20,95.3
-0.23304,0.025,1907,20,95.35
-0.20431,0.0064,1908,20,95.4
-0.24909,0.00519,1909,20,95.45
-0.24583,0.06484,1910,20,95.5
-0.27417,0.0812,1911,20,95.55
-0.27297,0.03744,1912,20,95.6
-0.25145,0.01967,1913,20,95.65
-0.27588,0.09687,1914,20,95.7
-0.26829,0.0973,1915,20,95.75
-0.26701,0.04808,1916,20,95.8
-0.27246,0.02097,1917,20,95.85
-0.1933,-0.02476,1918,20,95.9
-0.18597,-0.01662,1919,20,95.95
-0.1693,-0.03724,1920,20,96.0
-0.16437,-0.03213,1921,20,96.05
-0.19186,-0.01419,1922,20,96.1
-0.18656,-0.04887,1923,20,96.15
-0.17172,-0.02799,1924,20,96.2
-0.19517,0.03312,1925,20,96.25
-0.21699,0.02597,1926,20,96.3
-0.20535,0.01661,1927,20,96.35
-0.25983,0.11693,1928,20,96.4
-0.24992,0.06099,1929,20,96.45
-0.27412,0.07321,1930,20,96.5
-0.26541,0.06655,1931,20,96.55
-0.2619,0.02908,1932,20,96.6
-0.24429,0.03319,1933,20,96.65
-0.27092,0.09817,1934,20,96.7
-0.25748,0.0726,1935,20,96.75
-0.22384,0.05096,1936,20,96.8
-0.22219,0.0304,1937,20,96.85
-0.21717,0.01671,1938,20,96.9
-0.20196,0.02083,1939,20,96.95
-0.21291,0.01729,1940,20,97.0
-0.24033,0.02353,1941,20,97.05
-0.23809,0.00881,1942,20,97.1
-0.24698,0.02517,1943,20,97.15
-0.25118,0.02478,1944,20,97.2
-0.24485,0.03194,1945,20,97.25
-0.25696,0.02757,1946,20,97.3
-0.2309,0.01681,1947,20,97.35
-0.22366,-0.01717,1948,20,97.4
-0.21771,-0.02515,1949,20,97.45
-0.22562,-0.00649,1950,20,97.5
-0.22909,0.00806,1951,20,97.55
-0.21685,0.00949,1952,20,97.6
-0.22509,-0.011,1953,20,97.65
-0.19978,-0.02048,1954,20,97.7
-0.19478,-0.02457,1955,20,97.75
-0.20374,-0.05202,1956,20,97.8
-0.21212,-0.05316,1957,20,97.85
-0.21724,-0.06345,1958,20,97.9
-0.19529,-0.03742,1959,20,97.95
-0.20168,-0.04654,1960,20,98.0
-0.21527,-0.04684,1961,20,98.05
-0.182,-0.04801,1962,20,98.1
-0.22928,-0.03715,1963,20,98.15
-0.22049,-0.01036,1964,20,98.2
-0.22282,0.00436,1965,20,98.25
-0.22043,0.01949,1966,20,98.3
-0.22571,0.0234,1967,20,98.35
-0.20509,-0.01708,1968,20,98.4
-0.20856,-0.02523,1969,20,98.45
-0.20264,-0.00844,1970,20,98.5
-0.20628,-0.0106,1971,20,98.55
-0.22083,-0.02563,1972,20,98.6
-0.21226,-0.01875,1973,20,98.65
-0.21377,-0.03578,1974,20,98.7
-0.21702,-0.0431,1975,20,98.75
-0.22378,-0.02329,1976,20,98.8
-0.22392,-0.03035,1977,20,98.85
-0.2103,-0.00989,1978,20,98.9
-0.18195,-0.00217,1979,20,98.95
-0.1879,0.00807,1980,20,99.0
-0.20954,-0.00397,1981,20,99.05
-0.22372,0.00032,1982,20,99.1
-0.24554,0.0203,1983,20,99.15
-0.24418,-0.01317,1984,20,99.2
-0.24747,0.02836,1985,20,99.25
-0.25686,0.01227,1986,20,99.3
-0.26302,0.03785,1987,20,99.35
-0.25618,0.0244,1988,20,99.4
-0.24778,0.01658,1989,20,99.45
-0.26212,0.03642,1990,20,99.5
-0.26367,0.05581,1991,20,99.55
-0.27022,-0.00635,1992,20,99.6
-0.27087,0.031,1993,20,99.65
-0.2739,0.06064,1994,20,99.7
-0.28438,0.07066,1995,20,99.75
-0.26191,0.04831,1996,20,99.8
-0.25463,0.03019,1997,20,99.85
-0.24268,0.01141,1998,20,99.9
-0.24354,0.02026,1999,20,99.95
-0.24223,0.01983,2000,20,100.0
-0.2383,0.09375,2001,20,100.05
-0.22415,0.01747,2002,20,100.1
-0.23487,0.01141,2003,20,100.15
-0.21747,-0.04474,2004,20,100.2
-0.20872,-0.01638,2005,20,100.25
-0.2154,-0.01971,2006,20,100.3
-0.23955,-0.02151,2007,20,100.35
-0.2519,-0.01594,2008,20,100.4
-0.24273,0.00792,2009,20,100.45
-0.23139,-0.01757,2010,20,100.5
-0.24314,-0.0125,2011,20,100.55
-0.25417,0.0148,2012,20,100.6
-0.25172,0.00442,2013,20,100.65
-0.26449,0.04056,2014,20,100.7
-0.27026,0.06652,2015,20,100.75
-0.27148,0.02296,2016,20,100.8
-0.27656,0.06379,2017,20,100.85
-0.24827,0.0078,2018,20,100.9
-0.23875,0.01286,2019,20,100.95
-0.24872,0.0208,2020,20,101.0
-0.2445,-0.01737,2021,20,101.05
-0.22864,0.00906,2022,20,101.1
-0.23175,0.03752,2023,20,101.15
-0.20191,0.04426,2024,20,101.2
-0.21687,0.04385,2025,20,101.25
-0.20501,0.03469,2026,20,101.3
-0.22845,0.05002,2027,20,101.35
-0.21827,0.06182,2028,20,101.4
-0.22306,0.08215,2029,20,101.45
-0.22484,0.06422,2030,20,101.5
-0.20505,0.05163,2031,20,101.55
-0.22502,0.06157,2032,20,101.6
-0.25837,0.12929,2033,20,101.65
-0.22391,0.0624,2034,20,101.7
-0.22313,0.07951,2035,20,101.75
-0.2035,0.07158,2036,20,101.8
-0.22435,0.08522,2037,20,101.85
-0.22609,0.05686,2038,20,101.9
-0.21047,0.04124,2039,20,101.95
-0.20903,0.03252,2040,20,102.0
-0.20317,0.03232,2041,20,102.05
-0.22456,0.04124,2042,20,102.1
-0.20285,0.0393,2043,20,102.15
-0.19685,0.03413,2044,20,102.2
-0.22212,0.03097,2045,20,102.25
-0.28633,0.07194,2046,20,102.3
-0.25267,0.05254,2047,20,102.35
-0.26216,0.06756,2048,20,102.4
-0.25785,0.07494,2049,20,102.45
-0.24608,0.11735,2050,20,102.5
-0.22826,0.07838,2051,20,102.55
-0.25017,0.11445,2052,20,102.6
-0.21866,0.09521,2053,20,102.65
-0.23568,0.10857,2054,20,102.7
-0.20863,0.0793,2055,20,102.75
-0.2446,0.11542,2056,20,102.8
-0.24625,0.13625,2057,20,102.85
-0.26988,0.15242,2058,20,102.9
-0.24444,0.11647,2059,20,102.95
-0.26459,0.136,2060,20,103.0
-0.27847,0.15286,2061,20,103.05
-0.27314,0.15781,2062,20,103.1
-0.21688,0.09902,2063,20,103.15
-0.25608,0.16034,2064,20,103.2
-0.27197,0.1599,2065,20,103.25
-0.26884,0.16502,2066,20,103.3
-0.25436,0.09339,2067,20,103.35
-0.27264,0.13627,2068,20,103.4
-0.23151,-0.05053,2069,20,103.45
-0.17822,-0.11986,2070,20,103.5
-0.20635,0.04844,2071,20,103.55
-0.19483,-0.03351,2072,20,103.6
-0.21091,-0.03804,2073,20,103.65
-0.22415,0.01331,2074,20,103.7
-0.2247,0.03761,2075,20,103.75
-0.21797,-0.02779,2076,20,103.8
-0.23355,-0.05069,2077,20,103.85
-0.2402,-0.07777,2078,20,103.9
-0.2433,-0.05706,2079,20,103.95
-0.2414,-0.07022,2080,20,104.0
-0.26043,-0.01779,2081,20,104.05
-0.24557,-0.00875,2082,20,104.1
-0.23922,0.00406,2083,20,104.15
-0.23217,0.00941,2084,20,104.2
-0.23785,0.02073,2085,20,104.25
-0.24326,0.04715,2086,20,104.3
-0.24137,0.02678,2087,20,104.35
-0.23728,0.00352,2088,20,104.4
-0.22549,0.047,2089,20,104.45
-0.21199,-0.03798,2090,20,104.5
-0.21852,-0.04464,2091,20,104.55
-0.23977,-0.06776,2092,20,104.6
-0.25676,-0.03886,2093,20,104.65
-0.2828,-0.04704,2094,20,104.7
-0.28003,0.01659,2095,20,104.75
-0.27947,-0.03941,2096,20,104.8
-0.28813,-0.06204,2097,20,104.85
-0.2911,-0.01899,2098,20,104.9
-0.27946,-0.04226,2099,20,104.95
-0.24329,-0.01922,2100,20,105.0
-0.23224,-0.03612,2101,20,105.05
-0.24939,-0.04432,2102,20,105.1
-0.23994,-0.02113,2103,20,105.15
-0.22141,-0.03633,2104,20,105.2
-0.23452,-0.0244,2105,20,105.25
-0.20476,-0.04369,2106,20,105.3
-0.22796,-0.06024,2107,20,105.35
-0.23739,-0.0638,2108,20,105.4
-0.25152,-0.0815,2109,20,105.45
-0.24049,-0.08957,2110,20,105.5
-0.26585,-0.10589,2111,20,105.55
-0.26207,-0.09047,2112,20,105.6
-0.27937,-0.08377,2113,20,105.65
-0.26236,-0.08585,2114,20,105.7
-0.25787,-0.08222,2115,20,105.75
-0.24278,-0.04671,2116,20,105.8
-0.22207,-0.0203,2117,20,105.85
-0.24143,-0.06507,2118,20,105.9
-0.24898,-0.06163,2119,20,105.95
-0.21003,-0.06311,2120,20,106.0
-0.22286,-0.06929,2121,20,106.05
-0.2424,-0.06443,2122,20,106.1
-0.2616,-0.07344,2123,20,106.15
-0.25186,-0.05583,2124,20,106.2
-0.25622,-0.08803,2125,20,106.25
-0.27385,-0.08853,2126,20,106.3
-0.24879,-0.05809,2127,20,106.35
-0.24276,-0.05034,2128,20,106.4
-0.25995,-0.05287,2129,20,106.45
-0.24713,-0.0351,2130,20,106.5
-0.2482,-0.0365,2131,20,106.55
-0.26977,-0.01779,2132,20,106.6
-0.25556,-0.03022,2133,20,106.65
-0.2841,-0.06816,2134,20,106.7
-0.27669,-0.08173,2135,20,106.75
-0.2637,-0.07749,2136,20,106.8
-0.25316,-0.08829,2137,20,106.85
-0.24743,-0.10173,2138,20,106.9
-0.24326,-0.09883,2139,20,106.95
-0.25948,-0.06181,2140,20,107.0
-0.2628,-0.04786,2141,20,107.05
-0.25598,-0.05704,2142,20,107.1
-0.27549,-0.05055,2143,20,107.15
-0.28457,-0.10707,2144,20,107.2
-0.26961,-0.0584,2145,20,107.25
-0.20291,-0.0345,2146,20,107.3
-0.23864,-0.03948,2147,20,107.35
-0.2197,-0.03403,2148,20,107.4
-0.20357,-0.03579,2149,20,107.45
-0.21956,-0.06343,2150,20,107.5
-0.22781,-0.05169,2151,20,107.55
-0.24045,-0.05527,2152,20,107.6
-0.22064,-0.05045,2153,20,107.65
-0.23344,-0.06802,2154,20,107.7
-0.26355,-0.07548,2155,20,107.75
-0.21559,-0.05453,2156,20,107.8
-0.21603,-0.04999,2157,20,107.85
-0.20492,-0.03349,2158,20,107.9
-0.21904,-0.02028,2159,20,107.95
-0.21326,-0.0119,2160,20,108.0
-0.21623,-0.01693,2161,20,108.05
-0.23128,-0.0201,2162,20,108.1
-0.24224,-0.01833,2163,20,108.15
-0.24169,-0.02639,2164,20,108.2
-0.22687,-0.03537,2165,20,108.25
-0.24695,-0.03637,2166,20,108.3
-0.25567,-0.05763,2167,20,108.35
-0.22859,-0.05555,2168,20,108.4
-0.22138,-0.02584,2169,20,108.45
-0.26861,-0.02171,2170,20,108.5
-0.27953,-0.01827,2171,20,108.55
-0.25001,-0.01886,2172,20,108.6
-0.23952,0.00271,2173,20,108.65
-0.22052,0.01803,2174,20,108.7
-0.22557,0.03745,2175,20,108.75
-0.23059,0.035,2176,20,108.8
-0.22628,0.04825,2177,20,108.85
-0.24443,0.05262,2178,20,108.9
-0.23376,0.04209,2179,20,108.95
-0.23658,0.00492,2180,20,109.0
-0.2549,0.01688,2181,20,109.05
-0.21372,0.01895,2182,20,109.1
-0.22075,0.0255,2183,20,109.15
-0.20401,0.00191,2184,20,109.2
-0.19445,0.03131,2185,20,109.25
-0.20301,0.01826,2186,20,109.3
-0.20663,0.02713,2187,20,109.35
-0.20607,0.0099,2188,20,109.4
-0.24975,0.01731,2189,20,109.45
-0.22486,0.00322,2190,20,109.5
-0.21794,0.03682,2191,20,109.55
-0.18553,0.03527,2192,20,109.6
-0.19248,0.06225,2193,20,109.65
-0.17913,0.0638,2194,20,109.7
-0.21154,0.06328,2195,20,109.75
-0.21038,0.04144,2196,20,109.8
-0.23413,0.08215,2197,20,109.85
-0.20689,0.03428,2198,20,109.9
-0.21753,-0.02153,2199,20,109.95
-0.22827,0.01784,2200,20,110.0
-0.23164,0.01334,2201,20,110.05
-0.22428,-0.00288,2202,20,110.1
-0.23254,0.01573,2203,20,110.15
-0.22513,0.00726,2204,20,110.2
-0.24869,0.03782,2205,20,110.25
-0.24031,0.04691,2206,20,110.3
-0.23721,0.05071,2207,20,110.35
-0.23641,0.0107,2208,20,110.4
-0.23721,0.01878,2209,20,110.45
-0.23621,0.00147,2210,20,110.5
-0.25552,-0.01507,2211,20,110.55
-0.23,-0.04424,2212,20,110.6
-0.25569,-0.02186,2213,20,110.65
-0.24378,-0.03745,2214,20,110.7
-0.25879,-0.05603,2215,20,110.75
-0.24356,-0.03284,2216,20,110.8
-0.24489,-0.06078,2217,20,110.85
-0.25436,-0.04484,2218,20,110.9
-0.25376,-0.0552,2219,20,110.95
-0.24421,-0.05326,2220,20,111.0
-0.26679,-0.0517,2221,20,111.05
-0.28068,-0.04834,2222,20,111.1
-0.27562,-0.04659,2223,20,111.15
-0.27634,-0.04481,2224,20,111.2
-0.30727,-0.04025,2225,20,111.25
-0.29259,-0.03757,2226,20,111.3
-0.2951,-0.04349,2227,20,111.35
-0.28722,-0.04301,2228,20,111.4
-0.3153,-0.04343,2229,20,111.45
-0.30937,-0.05185,2230,20,111.5
-0.26489,-0.04682,2231,20,111.55
-0.24949,-0.06364,2232,20,111.6
-0.28537,-0.04889,2233,20,111.65
-0.27908,-0.05466,2234,20,111.7
-0.26654,-0.05335,2235,20,111.75
-0.27481,-0.05145,2236,20,111.8
-0.25097,-0.04678,2237,20,111.85
-0.27685,-0.05876,2238,20,111.9
-0.28053,-0.03838,2239,20,111.95
-0.28439,-0.04521,2240,20,112.0
-0.23295,-0.03486,2241,20,112.05
-0.23501,-0.05768,2242,20,112.1
-0.30445,-0.09896,2243,20,112.15
-0.33901,-0.0471,2244,20,112.2
-0.30149,-0.04385,2245,20,112.25
-0.32959,-0.07542,2246,20,112.3
-0.34691,-0.1033,2247,20,112.35
-0.33886,-0.08612,2248,20,112.4
-0.31434,-0.0437,2249,20,112.45
-0.30965,-0.01521,2250,20,112.5
-0.25061,0.02321,2251,20,112.55
-0.2624,0.03031,2252,20,112.6
-0.26442,0.03572,2253,20,112.65
-0.27748,0.02586,2254,20,112.7
-0.26886,0.01712,2255,20,112.75
-0.28052,0.05742,2256,20,112.8
-0.28048,0.06585,2257,20,112.85
-0.2536,0.03292,2258,20,112.9
-0.25037,0.02654,2259,20,112.95
-0.24721,0.00344,2260,20,113.0
-0.26379,0.04646,2261,20,113.05
-0.22449,0.02196,2262,20,113.1
-0.23217,0.03501,2263,20,113.15
-0.24794,0.02679,2264,20,113.2
-0.24635,0.06535,2265,20,113.25
-0.23886,0.0584,2266,20,113.3
-0.26859,0.09069,2267,20,113.35
-0.30532,0.11876,2268,20,113.4
-0.20358,-0.00861,2269,20,113.45
-0.22389,-0.00222,2270,20,113.5
-0.22436,0.00536,2271,20,113.55
-0.24864,-0.02377,2272,20,113.6
-0.22933,-0.01553,2273,20,113.65
-0.22086,0.00438,2274,20,113.7
-0.21904,0.00325,2275,20,113.75
-0.22333,-0.0268,2276,20,113.8
